applicant_id,first_name,last_name,email,phone_number,education_level,years_of_experience,gender,dob,address,city,state,zip_code,country,created_at
1,Manon,Taylor,manon.taylor@example.com,+1-856-285-6299,,,,,,,,,,2026-01-25 00:00:00
2,Nicole,Williams,nicole.williams@example.com,+1-606-948-4929,,,,,,,,,,2026-01-31 00:00:00
3,Elizabeth,Nelson,elizabeth.nelson@example.com,+1-609-581-9294,,,,,,,,,,2026-03-09 00:00:00
4,Timothy,Muller,timothy.muller@example.com,+1-673-392-3051,,,,,,,,,,2026-02-16 00:00:00
5,Yasmine,Jones,yasmine.jones@example.com,+1-677-984-1155,,,,,,,,,,2026-03-05 00:00:00
6,Anna,Harris,anna.harris@example.com,+1-579-773-1542,,,,,,,,,,2026-02-02 00:00:00
7,Nour,Dubois,nour.dubois@example.com,+1-797-824-9129,,,,,,,,,,2026-01-27 00:00:00
8,Cynthia,Taylor,cynthia.taylor@example.com,+1-884-815-6678,,,,,,,,,,2026-01-19 00:00:00
9,Timothy,Laurent,timothy.laurent@example.com,+1-821-736-9368,,,,,,,,,,2026-03-07 00:00:00
10,Victor,Trabelsi,victor.trabelsi@example.com,+1-539-702-8308,,,,,,,,,,2026-03-02 00:00:00
11,Jennifer,Muller,jennifer.muller@example.com,+1-591-567-5791,,,,,,,,,,2026-02-15 00:00:00
12,Lisa,Young,lisa.young@example.com,+1-304-509-2787,,,,,,,,,,2026-01-30 00:00:00
13,Barbara,Tanaka,barbara.tanaka@example.com,+1-379-914-7591,,,,,,,,,,2026-02-13 00:00:00
14,Mark,Davis,mark.davis@example.com,+1-963-841-2389,,,,,,,,,,2026-01-25 00:00:00
15,Brian,Clark,brian.clark@example.com,+1-462-622-2701,,,,,,,,,,2026-01-23 00:00:00
16,Lucia,Anderson,lucia.anderson@example.com,+1-765-868-2576,,,,,,,,,,2026-01-15 00:00:00
17,Adam,Nelson,adam.nelson@example.com,+1-840-317-4501,,,,,,,,,,2026-03-08 00:00:00
18,Mark,Wright,mark.wright@example.com,+1-301-764-5951,,,,,,,,,,2026-02-09 00:00:00
19,Jessica,Garcia,jessica.garcia@example.com,+1-537-584-3162,,,,,,,,,,2026-02-13 00:00:00
20,Julia,Rodriguez,julia.rodriguez@example.com,+1-851-364-5033,,,,,,,,,,2026-01-11 00:00:00
21,Ashley,Lee,ashley.lee@example.com,+1-471-488-2634,,,,,,,,,,2026-01-28 00:00:00
22,Thomas,Young,thomas.young@example.com,+1-513-774-3168,,,,,,,,,,2026-02-08 00:00:00
23,Sarah,Robinson,sarah.robinson@example.com,+1-346-417-4289,,,,,,,,,,2026-02-25 00:00:00
24,Richard,Russo,richard.russo@example.com,+1-442-887-4323,,,,,,,,,,2026-02-22 00:00:00
25,Jonathan,Kim,jonathan.kim@example.com,+1-247-943-4284,,,,,,,,,,2026-03-01 00:00:00
26,Nicole,Johnson,nicole.johnson@example.com,+1-892-698-9988,,,,,,,,,,2026-01-31 00:00:00
27,Amy,Silva,amy.silva@example.com,+1-865-925-5538,,,,,,,,,,2026-02-22 00:00:00
28,Adam,Sato,adam.sato@example.com,+1-264-767-1142,,,,,,,,,,2026-03-23 00:00:00
29,Jacob,Baker,jacob.baker@example.com,+1-593-525-5061,,,,,,,,,,2026-03-20 00:00:00
30,Chloe,Dubois,chloe.dubois@example.com,+1-868-990-1977,,,,,,,,,,2026-03-26 00:00:00
31,Charles,Chen,charles.chen@example.com,+1-254-877-7934,,,,,,,,,,2026-02-02 00:00:00
32,Zoe,Martinez,zoe.martinez@example.com,+1-911-328-3828,,,,,,,,,,2026-03-14 00:00:00
33,Noah,White,noah.white@example.com,+1-856-684-6659,,,,,,,,,,2026-02-13 00:00:00
34,Tariq,Murphy,tariq.murphy@example.com,+1-645-691-3666,,,,,,,,,,2026-02-21 00:00:00
35,Matthew,Taylor,matthew.taylor@example.com,+1-796-246-6663,,,,,,,,,,2026-03-12 00:00:00
36,Felix,Jones,felix.jones@example.com,+1-866-202-7131,,,,,,,,,,2026-02-26 00:00:00
37,Lucas,Thomas,lucas.thomas@example.com,+1-380-848-9811,,,,,,,,,,2026-02-22 00:00:00
38,Ashley,Kim,ashley.kim@example.com,+1-311-439-7098,,,,,,,,,,2026-03-13 00:00:00
39,Cynthia,Martin,cynthia.martin@example.com,+1-967-420-4079,,,,,,,,,,2026-02-14 00:00:00
40,Victor,Smith,victor.smith@example.com,+1-543-987-4892,,,,,,,,,,2026-03-16 00:00:00
41,Ethan,Park,ethan.park@example.com,+1-686-816-6208,,,,,,,,,,2026-03-23 00:00:00
42,Laura,Singh,laura.singh@example.com,+1-370-740-1038,,,,,,,,,,2026-03-01 00:00:00
43,Laura,Murphy,laura.murphy@example.com,+1-905-230-2879,,,,,,,,,,2026-03-01 00:00:00
44,Lisa,Muller,lisa.muller@example.com,+1-847-813-1801,,,,,,,,,,2026-03-15 00:00:00
45,Andrew,Tanaka,andrew.tanaka@example.com,+1-324-496-3128,,,,,,,,,,2026-02-04 00:00:00
46,Charles,Roberts,charles.roberts@example.com,+1-527-547-5314,,,,,,,,,,2026-03-25 00:00:00
47,Olivia,Dubois,olivia.dubois@example.com,+1-790-751-2208,,,,,,,,,,2026-04-08 00:00:00
48,Oscar,Moreau,oscar.moreau@example.com,+1-522-394-9309,,,,,,,,,,2026-03-30 00:00:00
49,Oscar,Muller,oscar.muller@example.com,+1-269-802-9724,,,,,,,,,,2026-03-04 00:00:00
50,David,Hernandez,david.hernandez@example.com,+1-360-338-2668,,,,,,,,,,2026-03-21 00:00:00
51,Matthew,Clark,matthew.clark@example.com,+1-353-836-2905,,,,,,,,,,2026-03-15 00:00:00
52,Fatima,Khalil,fatima.khalil@example.com,+1-412-680-3466,,,,,,,,,,2026-03-31 00:00:00
53,Mark,Hernandez,mark.hernandez@example.com,+1-218-954-5620,,,,,,,,,,2026-02-16 00:00:00
54,George,Torres,george.torres@example.com,+1-876-704-4592,,,,,,,,,,2026-03-16 00:00:00
55,David,Wilson,david.wilson@example.com,+1-828-710-4900,,,,,,,,,,2026-04-06 00:00:00
56,Adam,Scott,adam.scott@example.com,+1-932-690-8658,,,,,,,,,,2026-04-02 00:00:00
57,Linda,Martin,linda.martin@example.com,+1-617-240-8723,,,,,,,,,,2026-02-12 00:00:00
58,Arjun,Davis,arjun.davis@example.com,+1-694-629-7838,,,,,,,,,,2026-03-12 00:00:00
59,Richard,Park,richard.park@example.com,+1-327-949-1953,,,,,,,,,,2026-03-18 00:00:00
60,Lucas,Jones,lucas.jones@example.com,+1-900-349-5746,,,,,,,,,,2026-04-05 00:00:00
61,Jennifer,Patel,jennifer.patel@example.com,+1-328-798-6587,,,,,,,,,,2026-04-21 00:00:00
62,Steven,O'Brien,steven.obrien@example.com,+1-390-446-5525,,,,,,,,,,2026-03-17 00:00:00
63,Emma,Ben Ali,emma.benali@example.com,+1-885-515-8488,,,,,,,,,,2026-03-30 00:00:00
64,Julia,Chen,julia.chen@example.com,+1-397-818-7627,,,,,,,,,,2026-04-08 00:00:00
65,Sandra,Rivera,sandra.rivera@example.com,+1-836-350-4032,,,,,,,,,,2026-03-17 00:00:00
66,Julia,Smith,julia.smith@example.com,+1-776-850-9259,,,,,,,,,,2026-02-21 00:00:00
67,Rebecca,Allen,rebecca.allen@example.com,+1-484-709-6932,,,,,,,,,,2026-03-17 00:00:00
68,Anna,Jackson,anna.jackson@example.com,+1-274-677-4710,,,,,,,,,,2026-02-26 00:00:00
69,Elizabeth,Harris,elizabeth.harris@example.com,+1-612-829-6405,,,,,,,,,,2026-03-01 00:00:00
70,Rebecca,Nelson,rebecca.nelson@example.com,+1-905-823-3711,,,,,,,,,,2026-03-11 00:00:00
71,Lisa,Walker,lisa.walker@example.com,+1-388-684-3646,,,,,,,,,,2026-04-01 00:00:00
72,Amira,Jensen,amira.jensen@example.com,+1-219-563-2981,,,,,,,,,,2026-02-21 00:00:00
73,Amanda,Roberts,amanda.roberts@example.com,+1-683-595-5268,,,,,,,,,,2026-03-24 00:00:00
74,Robert,Patel,robert.patel@example.com,+1-891-799-1278,,,,,,,,,,2026-03-20 00:00:00
75,George,Jensen,george.jensen@example.com,+1-892-240-4238,,,,,,,,,,2026-04-12 00:00:00
76,Noah,Rivera,noah.rivera@example.com,+1-892-378-7713,,,,,,,,,,2026-04-09 00:00:00
77,Emily,Jackson,emily.jackson@example.com,+1-637-624-4685,,,,,,,,,,2026-03-21 00:00:00
78,Ethan,Chen,ethan.chen@example.com,+1-384-525-1244,,,,,,,,,,2026-03-20 00:00:00
79,Amy,Russo,amy.russo@example.com,+1-286-707-4343,,,,,,,,,,2026-04-24 00:00:00
80,Lea,Rodriguez,lea.rodriguez@example.com,+1-580-298-5045,,,,,,,,,,2026-04-06 00:00:00
81,Michelle,Moore,michelle.moore@example.com,+1-213-909-8533,,,,,,,,,,2026-03-12 00:00:00
82,Rayan,Nielsen,rayan.nielsen@example.com,+1-662-302-2269,,,,,,,,,,2026-04-12 00:00:00
83,Sarah,Santos,sarah.santos@example.com,+1-741-936-8433,,,,,,,,,,2026-04-18 00:00:00
84,Andrew,Clark,andrew.clark@example.com,+1-369-306-1809,,,,,,,,,,2026-04-02 00:00:00
85,Brian,Garcia,brian.garcia@example.com,+1-248-990-1789,,,,,,,,,,2026-04-25 00:00:00
86,Michael,Campbell,michael.campbell@example.com,+1-860-787-6221,,,,,,,,,,2026-04-19 00:00:00
87,Patricia,Khalil,patricia.khalil@example.com,+1-527-904-3767,,,,,,,,,,2026-03-28 00:00:00
88,Salma,Jensen,salma.jensen@example.com,+1-769-531-5026,,,,,,,,,,2026-04-08 00:00:00
89,Thomas,Adams,thomas.adams@example.com,+1-254-335-4785,,,,,,,,,,2026-03-25 00:00:00
90,Adam,Nguyen,adam.nguyen@example.com,+1-322-803-3216,,,,,,,,,,2026-04-25 00:00:00
91,Sara,Walker,sara.walker@example.com,+1-961-748-6811,,,,,,,,,,2026-05-03 00:00:00
92,Hiroshi,Kowalski,hiroshi.kowalski@example.com,+1-811-365-3768,,,,,,,,,,2026-04-20 00:00:00
93,Ryan,Rossi,ryan.rossi@example.com,+1-719-926-2003,,,,,,,,,,2026-05-05 00:00:00
94,Emily,Lee,emily.lee@example.com,+1-431-471-5988,,,,,,,,,,2026-04-17 00:00:00
95,Amy,Haddad,amy.haddad@example.com,+1-323-698-9321,,,,,,,,,,2026-04-10 00:00:00
96,Susan,Mansour,susan.mansour@example.com,+1-739-647-7142,,,,,,,,,,2026-04-29 00:00:00
97,Noah,Flores,noah.flores@example.com,+1-241-526-4916,,,,,,,,,,2026-04-08 00:00:00
98,David,Walker,david.walker@example.com,+1-552-865-7685,,,,,,,,,,2026-05-09 00:00:00
99,Hiroshi,Shah,hiroshi.shah@example.com,+1-570-636-1334,,,,,,,,,,2026-04-26 00:00:00
100,Ethan,Mitchell,ethan.mitchell@example.com,+1-598-266-6576,,,,,,,,,,2026-03-22 00:00:00
101,Hana,Baker,hana.baker@example.com,+1-966-622-6777,,,,,,,,,,2026-05-08 00:00:00
102,Yasmine,Martinez,yasmine.martinez@example.com,+1-257-527-5640,,,,,,,,,,2026-04-05 00:00:00
103,Eric,Costa,eric.costa@example.com,+1-467-594-6015,,,,,,,,,,2026-04-06 00:00:00
104,Anna,Rivera,anna.rivera@example.com,+1-560-670-2627,,,,,,,,,,2026-04-09 00:00:00
105,Joseph,Davis,joseph.davis@example.com,+1-669-200-6814,,,,,,,,,,2026-05-01 00:00:00
106,Cynthia,Mitchell,cynthia.mitchell@example.com,+1-786-766-1289,,,,,,,,,,2026-05-11 00:00:00
107,Alice,Wilson,alice.wilson@example.com,+1-284-951-9700,,,,,,,,,,2026-05-07 00:00:00
108,Sarah,Taylor,sarah.taylor@example.com,+1-460-515-6773,,,,,,,,,,2026-05-01 00:00:00
109,Steven,Sato,steven.sato@example.com,+1-322-384-3249,,,,,,,,,,2026-05-06 00:00:00
110,Fatima,Wilson,fatima.wilson@example.com,+1-804-593-8646,,,,,,,,,,2026-04-25 00:00:00
111,Elena,Jackson,elena.jackson@example.com,+1-779-429-4147,,,,,,,,,,2026-04-27 00:00:00
112,Anthony,Dubois,anthony.dubois@example.com,+1-665-799-9940,,,,,,,,,,2026-05-04 00:00:00
113,Barbara,Campbell,barbara.campbell@example.com,+1-472-710-7494,,,,,,,,,,2026-03-26 00:00:00
114,Priya,Robinson,priya.robinson@example.com,+1-362-502-5756,,,,,,,,,,2026-04-14 00:00:00
115,Nancy,Lewis,nancy.lewis@example.com,+1-950-551-3173,,,,,,,,,,2026-04-12 00:00:00
116,Zoe,Costa,zoe.costa@example.com,+1-923-664-8185,,,,,,,,,,2026-04-28 00:00:00
117,John,Robinson,john.robinson@example.com,+1-708-637-1725,,,,,,,,,,2026-05-08 00:00:00
118,Chloe,Ben Ali,chloe.benali@example.com,+1-708-529-4674,,,,,,,,,,2026-04-14 00:00:00
119,Elena,Walker,elena.walker@example.com,+1-538-464-5747,,,,,,,,,,2026-03-18 00:00:00
120,Richard,Campbell,richard.campbell@example.com,+1-879-987-5016,,,,,,,,,,2026-04-02 00:00:00
121,William,Sato,william.sato@example.com,+1-986-642-2591,,,,,,,,,,2026-04-26 00:00:00
122,John,Rodriguez,john.rodriguez@example.com,+1-341-403-6902,,,,,,,,,,2026-03-18 00:00:00
123,Mateo,Garcia,mateo.garcia@example.com,+1-208-243-9307,,,,,,,,,,2026-05-03 00:00:00
124,Youssef,Johnson,youssef.johnson@example.com,+1-878-281-2398,,,,,,,,,,2026-05-10 00:00:00
125,Nancy,Flores,nancy.flores@example.com,+1-739-553-4443,,,,,,,,,,2026-05-09 00:00:00
126,Linda,Khalil,linda.khalil@example.com,+1-913-300-1099,,,,,,,,,,2026-05-04 00:00:00
127,Youssef,Santos,youssef.santos@example.com,+1-469-639-7134,,,,,,,,,,2026-04-27 00:00:00
128,Joseph,Wang,joseph.wang@example.com,+1-727-312-7522,,,,,,,,,,2026-03-29 00:00:00
129,Clara,Larsen,clara.larsen@example.com,+1-896-594-6035,,,,,,,,,,2026-04-18 00:00:00
130,Paul,Kim,paul.kim@example.com,+1-487-791-3019,,,,,,,,,,2026-03-28 00:00:00
131,William,Allen,william.allen@example.com,+1-585-768-4231,,,,,,,,,,2026-05-06 00:00:00
132,James,Mitchell,james.mitchell@example.com,+1-714-397-6493,,,,,,,,,,2026-03-23 00:00:00
133,Olivia,Wang,olivia.wang@example.com,+1-377-768-1412,,,,,,,,,,2026-03-24 00:00:00
134,William,Mansour,william.mansour@example.com,+1-682-755-3209,,,,,,,,,,2026-04-17 00:00:00
135,Arjun,Jackson,arjun.jackson@example.com,+1-659-563-2461,,,,,,,,,,2026-04-12 00:00:00
136,George,Lopez,george.lopez@example.com,+1-858-653-9330,,,,,,,,,,2026-05-15 00:00:00
137,Karim,Oliveira,karim.oliveira@example.com,+1-625-214-3732,,,,,,,,,,2026-04-25 00:00:00
138,Hana,Hall,hana.hall@example.com,+1-209-897-7866,,,,,,,,,,2026-05-25 00:00:00
139,Karen,Santos,karen.santos@example.com,+1-385-975-2722,,,,,,,,,,2026-05-08 00:00:00
140,Samuel,Garcia,samuel.garcia@example.com,+1-878-248-6523,,,,,,,,,,2026-04-12 00:00:00
141,Nicole,Nguyen,nicole.nguyen@example.com,+1-709-656-5515,,,,,,,,,,2026-05-09 00:00:00
142,Jessica,Russo,jessica.russo@example.com,+1-259-761-7567,,,,,,,,,,2026-04-20 00:00:00
143,Olivia,Adams,olivia.adams@example.com,+1-777-607-5902,,,,,,,,,,2026-04-07 00:00:00
144,Michelle,Hernandez,michelle.hernandez@example.com,+1-785-218-4320,,,,,,,,,,2026-04-21 00:00:00
145,Kevin,Jackson,kevin.jackson@example.com,+1-781-570-6337,,,,,,,,,,2026-05-02 00:00:00
146,Clara,Davis,clara.davis@example.com,+1-371-956-8735,,,,,,,,,,2026-05-15 00:00:00
147,Charles,Ivanov,charles.ivanov@example.com,+1-827-393-6307,,,,,,,,,,2026-04-30 00:00:00
148,Yasmine,Martinez,yasmine.martinez2@example.com,+1-406-275-7235,,,,,,,,,,2026-05-17 00:00:00
149,Sophia,Wilson,sophia.wilson@example.com,+1-560-270-7037,,,,,,,,,,2026-04-12 00:00:00
150,Luca,Lewis,luca.lewis@example.com,+1-256-531-5277,,,,,,,,,,2026-05-27 00:00:00
151,Jessica,Harris,jessica.harris@example.com,+1-608-467-1229,,,,,,,,,,2026-04-07 00:00:00
152,Priya,Robinson,priya.robinson2@example.com,+1-873-228-5017,,,,,,,,,,2026-05-07 00:00:00
153,Sandra,Moreau,sandra.moreau@example.com,+1-351-292-4176,,,,,,,,,,2026-04-05 00:00:00
154,Wei,Harris,wei.harris@example.com,+1-313-416-2374,,,,,,,,,,2026-05-27 00:00:00
155,Susan,Brown,susan.brown@example.com,+1-633-428-5092,,,,,,,,,,2026-06-08 00:00:00
156,Richard,Rossi,richard.rossi@example.com,+1-531-632-5696,,,,,,,,,,2026-05-06 00:00:00
157,Timothy,Williams,timothy.williams@example.com,+1-747-690-3754,,,,,,,,,,2026-05-16 00:00:00
158,Laura,Sato,laura.sato@example.com,+1-286-530-1123,,,,,,,,,,2026-05-23 00:00:00
159,Andrew,Green,andrew.green@example.com,+1-458-514-7882,,,,,,,,,,2026-04-21 00:00:00
160,Rayan,Singh,rayan.singh@example.com,+1-623-364-6341,,,,,,,,,,2026-05-19 00:00:00
161,Mehdi,Rivera,mehdi.rivera@example.com,+1-804-475-8687,,,,,,,,,,2026-05-22 00:00:00
162,Timothy,Davis,timothy.davis@example.com,+1-825-866-9480,,,,,,,,,,2026-04-26 00:00:00
163,Victor,Haddad,victor.haddad@example.com,+1-397-810-9134,,,,,,,,,,2026-04-13 00:00:00
164,Emily,Hall,emily.hall@example.com,+1-705-415-9361,,,,,,,,,,2026-05-13 00:00:00
165,Camille,Brown,camille.brown@example.com,+1-492-555-9637,,,,,,,,,,2026-05-30 00:00:00
166,Samuel,Chen,samuel.chen@example.com,+1-468-273-9887,,,,,,,,,,2026-04-25 00:00:00
167,Michael,Green,michael.green@example.com,+1-282-873-5611,,,,,,,,,,2026-05-01 00:00:00
168,Andrew,Wilson,andrew.wilson@example.com,+1-981-432-5273,,,,,,,,,,2026-04-26 00:00:00
169,Daniel,Jones,daniel.jones@example.com,+1-780-955-9867,,,,,,,,,,2026-06-02 00:00:00
170,Ashley,Brown,ashley.brown@example.com,+1-272-637-4812,,,,,,,,,,2026-05-09 00:00:00
171,Camille,Hall,camille.hall@example.com,+1-988-975-9764,,,,,,,,,,2026-04-18 00:00:00
172,Sandra,Muller,sandra.muller@example.com,+1-886-330-5033,,,,,,,,,,2026-05-12 00:00:00
173,George,Ivanov,george.ivanov@example.com,+1-889-511-3962,,,,,,,,,,2026-05-17 00:00:00
174,Olivia,Martin,olivia.martin@example.com,+1-349-764-3712,,,,,,,,,,2026-06-08 00:00:00
175,George,Scott,george.scott@example.com,+1-649-359-7428,,,,,,,,,,2026-05-18 00:00:00
176,Mateo,Hall,mateo.hall@example.com,+1-739-497-3371,,,,,,,,,,2026-06-06 00:00:00
177,George,Young,george.young@example.com,+1-442-772-5141,,,,,,,,,,2026-06-02 00:00:00
178,Jacob,Rodriguez,jacob.rodriguez@example.com,+1-881-244-6146,,,,,,,,,,2026-05-04 00:00:00
179,Robert,Santos,robert.santos@example.com,+1-542-473-7670,,,,,,,,,,2026-05-26 00:00:00
180,John,Carter,john.carter@example.com,+1-299-961-3145,,,,,,,,,,2026-05-26 00:00:00
181,Melissa,Hernandez,melissa.hernandez@example.com,+1-437-844-9157,,,,,,,,,,2026-04-18 00:00:00
182,Hana,Wilson,hana.wilson@example.com,+1-767-532-7421,,,,,,,,,,2026-06-07 00:00:00
183,Nicole,Young,nicole.young@example.com,+1-620-330-2005,,,,,,,,,,2026-05-25 00:00:00
184,Emma,Park,emma.park@example.com,+1-342-559-6517,,,,,,,,,,2026-04-27 00:00:00
185,Michael,Oliveira,michael.oliveira@example.com,+1-683-411-3329,,,,,,,,,,2026-05-08 00:00:00
186,John,Sato,john.sato@example.com,+1-391-468-3464,,,,,,,,,,2026-04-28 00:00:00
187,Joshua,Harris,joshua.harris@example.com,+1-418-354-9211,,,,,,,,,,2026-06-05 00:00:00
188,Kevin,O'Brien,kevin.obrien@example.com,+1-470-473-3950,,,,,,,,,,2026-05-20 00:00:00
189,Karim,Williams,karim.williams@example.com,+1-380-361-3623,,,,,,,,,,2026-05-26 00:00:00
190,Lea,Allen,lea.allen@example.com,+1-941-235-5537,,,,,,,,,,2026-04-22 00:00:00
191,Hana,Robinson,hana.robinson@example.com,+1-226-818-1611,,,,,,,,,,2026-06-06 00:00:00
192,Manon,Nelson,manon.nelson@example.com,+1-915-335-4908,,,,,,,,,,2026-05-25 00:00:00
193,Nour,Wang,nour.wang@example.com,+1-810-446-1612,,,,,,,,,,2026-06-09 00:00:00
194,Tariq,Oliveira,tariq.oliveira@example.com,+1-994-555-7930,,,,,,,,,,2026-05-06 00:00:00
195,Mark,Moreau,mark.moreau@example.com,+1-306-227-7018,,,,,,,,,,2026-06-21 00:00:00
196,Manon,Wang,manon.wang@example.com,+1-681-615-8710,,,,,,,,,,2026-06-26 00:00:00
197,Noah,Harris,noah.harris@example.com,+1-982-530-8665,,,,,,,,,,2026-06-11 00:00:00
198,Robert,Adams,robert.adams@example.com,+1-411-975-4534,,,,,,,,,,2026-06-22 00:00:00
199,Robert,Kowalski,robert.kowalski@example.com,+1-347-416-8749,,,,,,,,,,2026-05-14 00:00:00
200,Wei,Sato,wei.sato@example.com,+1-461-791-5522,,,,,,,,,,2026-05-27 00:00:00
201,Jacob,Thompson,jacob.thompson@example.com,+1-499-601-1447,,,,,,,,,,2026-06-09 00:00:00
202,Joseph,Haddad,joseph.haddad@example.com,+1-652-640-4720,,,,,,,,,,2026-06-27 00:00:00
203,Alice,Thompson,alice.thompson@example.com,+1-734-974-1068,,,,,,,,,,2026-06-13 00:00:00
204,Julia,Ben Ali,julia.benali@example.com,+1-869-332-2278,,,,,,,,,,2026-05-03 00:00:00
205,Sophia,Anderson,sophia.anderson@example.com,+1-381-853-3729,,,,,,,,,,2026-05-09 00:00:00
206,Youssef,Anderson,youssef.anderson@example.com,+1-942-951-2036,,,,,,,,,,2026-05-29 00:00:00
207,Rebecca,Schmidt,rebecca.schmidt@example.com,+1-407-247-4032,,,,,,,,,,2026-05-10 00:00:00
208,Ines,Smith,ines.smith@example.com,+1-253-606-5609,,,,,,,,,,2026-05-27 00:00:00
209,Michael,Laurent,michael.laurent@example.com,+1-502-294-4598,,,,,,,,,,2026-07-02 00:00:00
210,Hana,Thompson,hana.thompson@example.com,+1-348-408-3909,,,,,,,,,,2026-06-16 00:00:00
211,Amanda,Schmidt,amanda.schmidt@example.com,+1-592-553-5238,,,,,,,,,,2026-05-19 00:00:00
212,Joseph,Schmidt,joseph.schmidt@example.com,+1-998-810-5097,,,,,,,,,,2026-06-16 00:00:00
213,Sandra,Nelson,sandra.nelson@example.com,+1-815-936-9287,,,,,,,,,,2026-06-07 00:00:00
214,David,Ben Ali,david.benali@example.com,+1-942-723-9526,,,,,,,,,,2026-07-02 00:00:00
215,Andrew,Allen,andrew.allen@example.com,+1-745-561-7636,,,,,,,,,,2026-07-02 00:00:00
216,George,Carter,george.carter@example.com,+1-917-886-3279,,,,,,,,,,2026-05-29 00:00:00
217,Yasmine,Garcia,yasmine.garcia@example.com,+1-672-230-2048,,,,,,,,,,2026-06-21 00:00:00
218,Ahmed,Trabelsi,ahmed.trabelsi@example.com,+1-723-556-1846,,,,,,,,,,2026-06-16 00:00:00
219,Lucia,Tanaka,lucia.tanaka@example.com,+1-521-900-5393,,,,,,,,,,2026-06-19 00:00:00
220,Richard,Jensen,richard.jensen@example.com,+1-494-894-5834,,,,,,,,,,2026-06-21 00:00:00
221,Ivan,Jones,ivan.jones@example.com,+1-574-494-5889,,,,,,,,,,2026-05-19 00:00:00
222,Anthony,Taylor,anthony.taylor@example.com,+1-357-756-3356,,,,,,,,,,2026-05-24 00:00:00
223,Amanda,Scott,amanda.scott@example.com,+1-395-475-7234,,,,,,,,,,2026-05-13 00:00:00
224,Olivia,Johnson,olivia.johnson@example.com,+1-502-431-6287,,,,,,,,,,2026-07-01 00:00:00
225,Emily,Rivera,emily.rivera@example.com,+1-298-926-9205,,,,,,,,,,2026-05-27 00:00:00
226,Adam,Russo,adam.russo@example.com,+1-542-991-7284,,,,,,,,,,2026-06-27 00:00:00
227,Elena,Green,elena.green@example.com,+1-215-274-4993,,,,,,,,,,2026-06-11 00:00:00
228,Omar,Russo,omar.russo@example.com,+1-800-223-5568,,,,,,,,,,2026-05-28 00:00:00
229,Aiko,Novak,aiko.novak@example.com,+1-677-702-9338,,,,,,,,,,2026-07-09 00:00:00
230,Yasmine,Trabelsi,yasmine.trabelsi@example.com,+1-873-619-8820,,,,,,,,,,2026-06-21 00:00:00
231,David,Carter,david.carter@example.com,+1-766-372-2401,,,,,,,,,,2026-07-11 00:00:00
232,Mei,Baker,mei.baker@example.com,+1-535-216-2692,,,,,,,,,,2026-05-23 00:00:00
233,Hugo,Russo,hugo.russo@example.com,+1-447-363-7224,,,,,,,,,,2026-06-26 00:00:00
234,Elizabeth,Russo,elizabeth.russo@example.com,+1-810-266-2797,,,,,,,,,,2026-05-31 00:00:00
235,Charles,Nielsen,charles.nielsen@example.com,+1-331-765-6280,,,,,,,,,,2026-06-20 00:00:00
236,Karim,Haddad,karim.haddad@example.com,+1-439-754-1355,,,,,,,,,,2026-06-21 00:00:00
237,Yasmine,Brown,yasmine.brown@example.com,+1-918-203-9599,,,,,,,,,,2026-06-02 00:00:00
238,Camille,Robinson,camille.robinson@example.com,+1-804-368-5244,,,,,,,,,,2026-07-10 00:00:00
239,Arjun,Hill,arjun.hill@example.com,+1-273-459-8077,,,,,,,,,,2026-05-18 00:00:00
240,Jonathan,Clark,jonathan.clark@example.com,+1-677-705-9082,,,,,,,,,,2026-05-17 00:00:00
241,Aiko,Miller,aiko.miller@example.com,+1-513-507-1027,,,,,,,,,,2026-06-24 00:00:00
242,Charles,Lopez,charles.lopez@example.com,+1-429-419-2570,,,,,,,,,,2026-07-07 00:00:00
243,Aiko,Baker,aiko.baker@example.com,+1-691-934-8583,,,,,,,,,,2026-05-27 00:00:00
244,John,Williams,john.williams@example.com,+1-522-795-1722,,,,,,,,,,2026-05-21 00:00:00
245,Brian,O'Brien,brian.obrien@example.com,+1-464-366-2100,,,,,,,,,,2026-06-03 00:00:00
246,Karen,Nguyen,karen.nguyen@example.com,+1-597-864-6223,,,,,,,,,,2026-05-23 00:00:00
247,Paul,Shah,paul.shah@example.com,+1-445-310-7623,,,,,,,,,,2026-07-05 00:00:00
248,Cynthia,Moore,cynthia.moore@example.com,+1-893-865-4325,,,,,,,,,,2026-06-28 00:00:00
249,Amira,Garcia,amira.garcia@example.com,+1-459-336-7276,,,,,,,,,,2026-06-23 00:00:00
250,Linda,Jensen,linda.jensen@example.com,+1-430-206-7512,,,,,,,,,,2026-07-02 00:00:00
251,Oscar,Novak,oscar.novak@example.com,+1-765-867-1678,,,,,,,,,,2026-07-04 00:00:00
252,David,Silva,david.silva@example.com,+1-244-634-8681,,,,,,,,,,2026-06-16 00:00:00
253,Jacob,Mitchell,jacob.mitchell@example.com,+1-813-540-3565,,,,,,,,,,2026-07-08 00:00:00
254,Adam,Williams,adam.williams@example.com,+1-600-910-9900,,,,,,,,,,2026-06-15 00:00:00
255,Omar,Shah,omar.shah@example.com,+1-955-241-3614,,,,,,,,,,2026-06-11 00:00:00
256,Anna,Rodriguez,anna.rodriguez@example.com,+1-731-933-7166,,,,,,,,,,2026-06-17 00:00:00
257,Ivan,Nguyen,ivan.nguyen@example.com,+1-248-492-4148,,,,,,,,,,2026-06-08 00:00:00
258,Jonathan,Hill,jonathan.hill@example.com,+1-461-756-3749,,,,,,,,,,2026-07-04 00:00:00
259,Arjun,King,arjun.king@example.com,+1-232-319-8255,,,,,,,,,,2026-05-26 00:00:00
260,Mei,Roberts,mei.roberts@example.com,+1-306-561-7244,,,,,,,,,,2026-07-07 00:00:00
261,Elizabeth,Lee,elizabeth.lee@example.com,+1-548-320-6135,,,,,,,,,,2026-05-25 00:00:00
262,James,Clark,james.clark@example.com,+1-809-341-9883,,,,,,,,,,2026-06-08 00:00:00
263,Andrew,Tanaka,andrew.tanaka2@example.com,+1-285-257-8643,,,,,,,,,,2026-06-26 00:00:00
264,Ines,Singh,ines.singh@example.com,+1-487-648-1098,,,,,,,,,,2026-06-11 00:00:00
265,Karen,Murphy,karen.murphy@example.com,+1-975-405-4566,,,,,,,,,,2026-05-22 00:00:00
266,Charles,Scott,charles.scott@example.com,+1-643-688-6367,,,,,,,,,,2026-06-03 00:00:00
267,Sara,Sato,sara.sato@example.com,+1-573-913-4508,,,,,,,,,,2026-06-01 00:00:00
268,Rayan,Campbell,rayan.campbell@example.com,+1-644-796-3676,,,,,,,,,,2026-07-11 00:00:00
269,Jonathan,Oliveira,jonathan.oliveira@example.com,+1-630-744-9176,,,,,,,,,,2026-07-05 00:00:00
270,Victor,Taylor,victor.taylor@example.com,+1-629-933-5383,,,,,,,,,,2026-06-15 00:00:00
271,Brian,Martin,brian.martin@example.com,+1-980-621-2232,,,,,,,,,,2026-05-25 00:00:00
272,Linda,Kim,linda.kim@example.com,+1-298-278-2781,,,,,,,,,,2026-05-27 00:00:00
273,Aiko,Davis,aiko.davis@example.com,+1-322-919-9357,,,,,,,,,,2026-06-09 00:00:00
274,Lucas,Jones,lucas.jones2@example.com,+1-752-875-6684,,,,,,,,,,2026-06-15 00:00:00
275,Jennifer,Shah,jennifer.shah@example.com,+1-912-773-8912,,,,,,,,,,2026-06-03 00:00:00
276,Youssef,Costa,youssef.costa@example.com,+1-757-352-9611,,,,,,,,,,2026-06-29 00:00:00
277,Karen,Laurent,karen.laurent@example.com,+1-529-549-7043,,,,,,,,,,2026-06-25 00:00:00
278,Lea,Baker,lea.baker@example.com,+1-328-205-2821,,,,,,,,,,2026-06-13 00:00:00
279,Amanda,Nelson,amanda.nelson@example.com,+1-869-656-1522,,,,,,,,,,2026-05-21 00:00:00
280,Robert,Ivanov,robert.ivanov@example.com,+1-665-804-6266,,,,,,,,,,2026-06-11 00:00:00
281,Salma,Schmidt,salma.schmidt@example.com,+1-351-712-3568,,,,,,,,,,2026-06-01 00:00:00
282,Julia,Jensen,julia.jensen@example.com,+1-629-220-6455,,,,,,,,,,2026-06-07 00:00:00
283,William,White,william.white@example.com,+1-874-621-9786,,,,,,,,,,2026-06-16 00:00:00
284,Mei,Walker,mei.walker@example.com,+1-272-518-6329,,,,,,,,,,2026-06-25 00:00:00
285,James,Muller,james.muller@example.com,+1-918-861-4419,,,,,,,,,,2026-06-03 00:00:00
286,Ines,Clark,ines.clark@example.com,+1-470-780-5015,,,,,,,,,,2026-06-13 00:00:00
287,Patricia,Schmidt,patricia.schmidt@example.com,+1-495-615-3382,,,,,,,,,,2026-06-22 00:00:00
288,Kevin,Park,kevin.park@example.com,+1-314-500-2737,,,,,,,,,,2026-07-20 00:00:00
289,Diego,Jensen,diego.jensen@example.com,+1-504-603-9870,,,,,,,,,,2026-06-14 00:00:00
290,Matthew,Martin,matthew.martin@example.com,+1-470-229-8340,,,,,,,,,,2026-07-27 00:00:00
291,Ivan,Kim,ivan.kim@example.com,+1-840-841-6160,,,,,,,,,,2026-06-22 00:00:00
292,Barbara,Santos,barbara.santos@example.com,+1-966-349-4618,,,,,,,,,,2026-07-02 00:00:00
293,Victor,Costa,victor.costa@example.com,+1-944-906-6838,,,,,,,,,,2026-06-03 00:00:00
294,Olivia,Dubois,olivia.dubois2@example.com,+1-369-796-8374,,,,,,,,,,2026-07-21 00:00:00
295,Charles,Williams,charles.williams@example.com,+1-701-745-7952,,,,,,,,,,2026-07-24 00:00:00
296,Clara,Schmidt,clara.schmidt@example.com,+1-421-875-1479,,,,,,,,,,2026-07-20 00:00:00
297,Amira,Oliveira,amira.oliveira@example.com,+1-244-625-8024,,,,,,,,,,2026-06-04 00:00:00
298,Ahmed,Fontaine,ahmed.fontaine@example.com,+1-535-896-2074,,,,,,,,,,2026-06-21 00:00:00
299,Hugo,Martin,hugo.martin@example.com,+1-453-868-4241,,,,,,,,,,2026-06-02 00:00:00
300,Joseph,Costa,joseph.costa@example.com,+1-638-994-2935,,,,,,,,,,2026-06-11 00:00:00
301,Brian,Roberts,brian.roberts@example.com,+1-845-494-7943,,,,,,,,,,2026-07-05 00:00:00
302,Salma,Hill,salma.hill@example.com,+1-320-969-9219,,,,,,,,,,2026-07-12 00:00:00
303,Clara,Shah,clara.shah@example.com,+1-403-704-5843,,,,,,,,,,2026-07-28 00:00:00
304,Salma,Rivera,salma.rivera@example.com,+1-751-620-1148,,,,,,,,,,2026-07-21 00:00:00
305,Fatima,Ben Ali,fatima.benali@example.com,+1-339-824-2289,,,,,,,,,,2026-07-03 00:00:00
306,Kevin,Wang,kevin.wang@example.com,+1-607-452-5564,,,,,,,,,,2026-06-04 00:00:00
307,Eric,Young,eric.young@example.com,+1-863-399-2240,,,,,,,,,,2026-07-19 00:00:00
308,Jonathan,Brown,jonathan.brown@example.com,+1-974-554-2556,,,,,,,,,,2026-07-03 00:00:00
309,Tariq,Clark,tariq.clark@example.com,+1-639-634-3181,,,,,,,,,,2026-06-06 00:00:00
310,Nicole,Sato,nicole.sato@example.com,+1-959-460-3566,,,,,,,,,,2026-06-28 00:00:00
311,Zoe,Williams,zoe.williams@example.com,+1-390-409-3298,,,,,,,,,,2026-06-13 00:00:00
312,Jacob,Patel,jacob.patel@example.com,+1-693-691-7104,,,,,,,,,,2026-08-02 00:00:00
313,Sandra,Rivera,sandra.rivera2@example.com,+1-740-682-3907,,,,,,,,,,2026-07-21 00:00:00
314,Brian,Muller,brian.muller@example.com,+1-279-566-6894,,,,,,,,,,2026-06-11 00:00:00
315,Laura,Johnson,laura.johnson@example.com,+1-726-645-6762,,,,,,,,,,2026-07-15 00:00:00
316,Lea,King,lea.king@example.com,+1-635-326-6578,,,,,,,,,,2026-07-21 00:00:00
317,Elena,Ivanov,elena.ivanov@example.com,+1-942-297-2241,,,,,,,,,,2026-06-25 00:00:00
318,Tariq,Harris,tariq.harris@example.com,+1-868-483-1690,,,,,,,,,,2026-06-14 00:00:00
319,Joshua,Smith,joshua.smith@example.com,+1-680-555-8802,,,,,,,,,,2026-07-28 00:00:00
320,Andrew,Moore,andrew.moore@example.com,+1-560-269-4620,,,,,,,,,,2026-07-06 00:00:00
321,Salma,Silva,salma.silva@example.com,+1-823-721-8766,,,,,,,,,,2026-08-07 00:00:00
322,Richard,Muller,richard.muller@example.com,+1-929-596-1798,,,,,,,,,,2026-07-26 00:00:00
323,Tariq,Jensen,tariq.jensen@example.com,+1-654-959-4926,,,,,,,,,,2026-06-13 00:00:00
324,Sharon,Rivera,sharon.rivera@example.com,+1-564-763-7780,,,,,,,,,,2026-06-27 00:00:00
325,William,Lopez,william.lopez@example.com,+1-569-690-8233,,,,,,,,,,2026-07-08 00:00:00
326,Nancy,Jones,nancy.jones@example.com,+1-480-441-8978,,,,,,,,,,2026-07-27 00:00:00
327,Olivia,Baker,olivia.baker@example.com,+1-448-817-1776,,,,,,,,,,2026-07-01 00:00:00
328,Mark,Clark,mark.clark@example.com,+1-357-500-8747,,,,,,,,,,2026-06-21 00:00:00
329,Fatima,Santos,fatima.santos@example.com,+1-480-901-9183,,,,,,,,,,2026-06-16 00:00:00
330,Felix,Ben Ali,felix.benali@example.com,+1-944-919-6140,,,,,,,,,,2026-06-22 00:00:00
331,Hugo,Carter,hugo.carter@example.com,+1-476-473-1537,,,,,,,,,,2026-06-26 00:00:00
332,Steven,Murphy,steven.murphy@example.com,+1-265-670-5468,,,,,,,,,,2026-07-27 00:00:00
333,Sophia,Khalil,sophia.khalil@example.com,+1-758-616-2663,,,,,,,,,,2026-07-07 00:00:00
334,Timothy,Mansour,timothy.mansour@example.com,+1-367-399-8405,,,,,,,,,,2026-07-05 00:00:00
335,Hugo,Schmidt,hugo.schmidt@example.com,+1-860-807-9926,,,,,,,,,,2026-06-18 00:00:00
336,Chloe,White,chloe.white@example.com,+1-432-861-8933,,,,,,,,,,2026-07-08 00:00:00
337,Hana,Chen,hana.chen@example.com,+1-203-730-2528,,,,,,,,,,2026-07-30 00:00:00
338,Priya,Thomas,priya.thomas@example.com,+1-535-387-8324,,,,,,,,,,2026-07-04 00:00:00
339,Linda,Green,linda.green@example.com,+1-927-940-2878,,,,,,,,,,2026-07-10 00:00:00
340,Rebecca,Campbell,rebecca.campbell@example.com,+1-284-809-3031,,,,,,,,,,2026-06-17 00:00:00
341,Sara,Scott,sara.scott@example.com,+1-929-514-6088,,,,,,,,,,2026-06-16 00:00:00
342,Anthony,Roberts,anthony.roberts@example.com,+1-843-512-9055,,,,,,,,,,2026-07-15 00:00:00
343,Lucas,Roberts,lucas.roberts@example.com,+1-511-573-3715,,,,,,,,,,2026-06-22 00:00:00
344,Karim,Harris,karim.harris@example.com,+1-518-597-5246,,,,,,,,,,2026-06-24 00:00:00
345,Nancy,Hall,nancy.hall@example.com,+1-297-577-8055,,,,,,,,,,2026-07-20 00:00:00
346,Elena,Garcia,elena.garcia@example.com,+1-472-722-8204,,,,,,,,,,2026-07-22 00:00:00
347,Ashley,Wilson,ashley.wilson@example.com,+1-269-665-6985,,,,,,,,,,2026-07-11 00:00:00
348,Emily,Allen,emily.allen@example.com,+1-390-793-7041,,,,,,,,,,2026-06-15 00:00:00
349,Nicholas,Hall,nicholas.hall@example.com,+1-332-957-4497,,,,,,,,,,2026-07-11 00:00:00
350,Rebecca,Martin,rebecca.martin@example.com,+1-988-596-8872,,,,,,,,,,2026-06-16 00:00:00
351,Rayan,Patel,rayan.patel@example.com,+1-633-225-9492,,,,,,,,,,2026-07-22 00:00:00
352,Rebecca,Ivanov,rebecca.ivanov@example.com,+1-750-737-5794,,,,,,,,,,2026-07-27 00:00:00
353,Lucas,Wang,lucas.wang@example.com,+1-647-766-1195,,,,,,,,,,2026-07-17 00:00:00
354,Anna,Lewis,anna.lewis@example.com,+1-383-481-2533,,,,,,,,,,2026-06-15 00:00:00
355,Elena,Nielsen,elena.nielsen@example.com,+1-258-397-3706,,,,,,,,,,2026-06-12 00:00:00
356,Anthony,Williams,anthony.williams@example.com,+1-887-968-3037,,,,,,,,,,2026-06-16 00:00:00
357,Olivia,Murphy,olivia.murphy@example.com,+1-522-209-4804,,,,,,,,,,2026-07-05 00:00:00
358,Sophia,Costa,sophia.costa@example.com,+1-845-401-4197,,,,,,,,,,2026-06-27 00:00:00
359,Timothy,Anderson,timothy.anderson@example.com,+1-403-791-8585,,,,,,,,,,2026-06-28 00:00:00
360,Adam,Wilson,adam.wilson@example.com,+1-514-613-9035,,,,,,,,,,2026-07-20 00:00:00
361,Hugo,Clark,hugo.clark@example.com,+1-358-643-1305,,,,,,,,,,2026-07-24 00:00:00
362,Andrew,Trabelsi,andrew.trabelsi@example.com,+1-567-838-2633,,,,,,,,,,2026-07-04 00:00:00
363,Sandra,Russo,sandra.russo@example.com,+1-274-659-9907,,,,,,,,,,2026-08-03 00:00:00
364,Elizabeth,Campbell,elizabeth.campbell@example.com,+1-339-370-7882,,,,,,,,,,2026-07-29 00:00:00
365,Jacob,Park,jacob.park@example.com,+1-341-364-7969,,,,,,,,,,2026-07-21 00:00:00
366,Charles,Murphy,charles.murphy@example.com,+1-226-955-3027,,,,,,,,,,2026-07-05 00:00:00
367,Olivia,Shah,olivia.shah@example.com,+1-286-264-6104,,,,,,,,,,2026-07-11 00:00:00
368,Lucia,Santos,lucia.santos@example.com,+1-894-606-7285,,,,,,,,,,2026-06-13 00:00:00
369,Chloe,Campbell,chloe.campbell@example.com,+1-549-721-7759,,,,,,,,,,2026-07-22 00:00:00
370,Diego,Ben Ali,diego.benali@example.com,+1-452-221-1652,,,,,,,,,,2026-07-11 00:00:00
371,Emma,Flores,emma.flores@example.com,+1-270-739-1499,,,,,,,,,,2026-06-18 00:00:00
372,Priya,Harris,priya.harris@example.com,+1-329-439-8194,,,,,,,,,,2026-08-04 00:00:00
373,Jessica,Brown,jessica.brown@example.com,+1-375-802-6419,,,,,,,,,,2026-07-05 00:00:00
374,Melissa,Carter,melissa.carter@example.com,+1-610-281-3337,,,,,,,,,,2026-07-15 00:00:00
375,Jacob,Martinez,jacob.martinez@example.com,+1-828-282-1832,,,,,,,,,,2026-08-07 00:00:00
376,Mehdi,Robinson,mehdi.robinson@example.com,+1-373-808-7226,,,,,,,,,,2026-07-01 00:00:00
377,Nour,Mitchell,nour.mitchell@example.com,+1-662-947-5084,,,,,,,,,,2026-06-26 00:00:00
378,Rebecca,Russo,rebecca.russo@example.com,+1-260-566-7657,,,,,,,,,,2026-06-23 00:00:00
379,Elena,Singh,elena.singh@example.com,+1-265-663-5749,,,,,,,,,,2026-08-01 00:00:00
380,Mehdi,Campbell,mehdi.campbell@example.com,+1-742-801-7932,,,,,,,,,,2026-06-25 00:00:00
381,Mary,Baker,mary.baker@example.com,+1-686-248-5059,,,,,,,,,,2026-08-01 00:00:00
382,Youssef,Harris,youssef.harris@example.com,+1-395-711-3958,,,,,,,,,,2026-07-19 00:00:00
383,Julia,Thomas,julia.thomas@example.com,+1-921-332-1196,,,,,,,,,,2026-07-19 00:00:00
384,Jennifer,Moore,jennifer.moore@example.com,+1-754-534-1359,,,,,,,,,,2026-06-26 00:00:00
385,Jacob,Carter,jacob.carter@example.com,+1-616-425-7898,,,,,,,,,,2026-07-29 00:00:00
386,Youssef,Rodriguez,youssef.rodriguez@example.com,+1-937-801-3589,,,,,,,,,,2026-06-18 00:00:00
387,Yasmine,Jones,yasmine.jones2@example.com,+1-901-963-9766,,,,,,,,,,2026-08-07 00:00:00
388,Zoe,Jones,zoe.jones@example.com,+1-571-395-2979,,,,,,,,,,2026-07-19 00:00:00
389,Olivia,Muller,olivia.muller@example.com,+1-303-377-8743,,,,,,,,,,2026-06-15 00:00:00
390,Ryan,Moore,ryan.moore@example.com,+1-860-805-7153,,,,,,,,,,2026-08-11 00:00:00
391,Clara,Dubois,clara.dubois@example.com,+1-594-416-5704,,,,,,,,,,2026-06-21 00:00:00
392,Kevin,Taylor,kevin.taylor@example.com,+1-828-504-4896,,,,,,,,,,2026-08-08 00:00:00
393,Noah,Lee,noah.lee@example.com,+1-805-367-4334,,,,,,,,,,2026-08-08 00:00:00
394,Youssef,Ben Ali,youssef.benali@example.com,+1-251-260-7906,,,,,,,,,,2026-08-10 00:00:00
395,Mehdi,Wright,mehdi.wright@example.com,+1-421-544-3806,,,,,,,,,,2026-07-04 00:00:00
396,Rayan,Campbell,rayan.campbell2@example.com,+1-805-418-9454,,,,,,,,,,2026-07-07 00:00:00
397,Clara,Hill,clara.hill@example.com,+1-359-797-1059,,,,,,,,,,2026-06-15 00:00:00
398,Ryan,Fontaine,ryan.fontaine@example.com,+1-619-371-3859,,,,,,,,,,2026-06-27 00:00:00
399,George,Nguyen,george.nguyen@example.com,+1-867-298-8583,,,,,,,,,,2026-06-15 00:00:00
400,Sharon,Clark,sharon.clark@example.com,+1-943-379-1325,,,,,,,,,,2026-08-01 00:00:00
401,Lucia,Green,lucia.green@example.com,+1-213-216-4898,,,,,,,,,,2026-06-28 00:00:00
402,Anthony,Kowalski,anthony.kowalski@example.com,+1-373-295-3470,,,,,,,,,,2026-06-30 00:00:00
403,Andrew,Campbell,andrew.campbell@example.com,+1-629-200-2123,,,,,,,,,,2026-07-13 00:00:00
404,Thomas,Robinson,thomas.robinson@example.com,+1-639-446-3961,,,,,,,,,,2026-07-20 00:00:00
405,Amanda,Jackson,amanda.jackson@example.com,+1-527-219-5432,,,,,,,,,,2026-08-02 00:00:00
406,Felix,Russo,felix.russo@example.com,+1-301-354-2318,,,,,,,,,,2026-07-28 00:00:00
407,Chloe,Mansour,chloe.mansour@example.com,+1-715-687-5896,,,,,,,,,,2026-08-13 00:00:00
408,Oscar,Scott,oscar.scott@example.com,+1-978-522-2835,,,,,,,,,,2026-07-28 00:00:00
409,Chloe,Nguyen,chloe.nguyen@example.com,+1-299-506-4936,,,,,,,,,,2026-08-07 00:00:00
410,Tariq,Hill,tariq.hill@example.com,+1-996-585-4411,,,,,,,,,,2026-07-21 00:00:00
411,Emily,Nielsen,emily.nielsen@example.com,+1-673-246-4667,,,,,,,,,,2026-07-01 00:00:00
412,Hana,Mansour,hana.mansour@example.com,+1-762-896-2342,,,,,,,,,,2026-07-14 00:00:00
413,Jessica,Laurent,jessica.laurent@example.com,+1-294-564-3971,,,,,,,,,,2026-07-17 00:00:00
414,Joseph,Thompson,joseph.thompson@example.com,+1-882-901-1310,,,,,,,,,,2026-07-12 00:00:00
415,Manon,Murphy,manon.murphy@example.com,+1-643-205-8861,,,,,,,,,,2026-07-24 00:00:00
416,Sarah,Haddad,sarah.haddad@example.com,+1-247-335-6307,,,,,,,,,,2026-07-03 00:00:00
417,Sharon,Trabelsi,sharon.trabelsi@example.com,+1-579-491-4081,,,,,,,,,,2026-07-04 00:00:00
418,Sara,Ben Ali,sara.benali@example.com,+1-365-929-6067,,,,,,,,,,2026-07-26 00:00:00
419,Hana,Laurent,hana.laurent@example.com,+1-828-576-7639,,,,,,,,,,2026-07-23 00:00:00
420,Andrew,Costa,andrew.costa@example.com,+1-395-724-1100,,,,,,,,,,2026-08-23 00:00:00
421,Aiko,Jackson,aiko.jackson@example.com,+1-304-851-9910,,,,,,,,,,2026-07-19 00:00:00
422,Thomas,Tanaka,thomas.tanaka@example.com,+1-534-300-3919,,,,,,,,,,2026-07-14 00:00:00
423,Patricia,Larsen,patricia.larsen@example.com,+1-719-899-9369,,,,,,,,,,2026-08-22 00:00:00
424,Jessica,Taylor,jessica.taylor@example.com,+1-318-574-9219,,,,,,,,,,2026-08-19 00:00:00
425,Karen,Walker,karen.walker@example.com,+1-750-325-5719,,,,,,,,,,2026-06-30 00:00:00
426,James,Fontaine,james.fontaine@example.com,+1-930-317-8174,,,,,,,,,,2026-06-28 00:00:00
427,Fatima,Rodriguez,fatima.rodriguez@example.com,+1-793-673-2017,,,,,,,,,,2026-08-17 00:00:00
428,Sandra,Young,sandra.young@example.com,+1-456-869-3550,,,,,,,,,,2026-08-07 00:00:00
429,Zoe,Thomas,zoe.thomas@example.com,+1-404-574-2798,,,,,,,,,,2026-07-06 00:00:00
430,Ahmed,Thompson,ahmed.thompson@example.com,+1-943-946-5551,,,,,,,,,,2026-08-22 00:00:00
431,Karen,Moreau,karen.moreau@example.com,+1-743-767-2961,,,,,,,,,,2026-07-15 00:00:00
432,Nour,Anderson,nour.anderson@example.com,+1-690-862-3503,,,,,,,,,,2026-08-27 00:00:00
433,Hugo,Haddad,hugo.haddad@example.com,+1-353-253-7708,,,,,,,,,,2026-08-07 00:00:00
434,Anthony,Nielsen,anthony.nielsen@example.com,+1-638-944-2442,,,,,,,,,,2026-07-19 00:00:00
435,Yasmine,Chen,yasmine.chen@example.com,+1-941-856-2261,,,,,,,,,,2026-08-04 00:00:00
436,Michelle,Novak,michelle.novak@example.com,+1-649-239-5255,,,,,,,,,,2026-07-10 00:00:00
437,Susan,Moore,susan.moore@example.com,+1-882-982-7775,,,,,,,,,,2026-07-12 00:00:00
438,Elizabeth,Dubois,elizabeth.dubois@example.com,+1-674-573-3203,,,,,,,,,,2026-07-27 00:00:00
439,Linda,Miller,linda.miller@example.com,+1-516-818-6912,,,,,,,,,,2026-08-18 00:00:00
440,Youssef,Walker,youssef.walker@example.com,+1-263-805-7756,,,,,,,,,,2026-08-18 00:00:00
441,Paul,Silva,paul.silva@example.com,+1-590-808-5038,,,,,,,,,,2026-08-25 00:00:00
442,Mateo,Kowalski,mateo.kowalski@example.com,+1-766-814-9532,,,,,,,,,,2026-07-30 00:00:00
443,Youssef,Walker,youssef.walker2@example.com,+1-548-387-4585,,,,,,,,,,2026-08-24 00:00:00
444,Rebecca,Trabelsi,rebecca.trabelsi@example.com,+1-578-290-6136,,,,,,,,,,2026-08-02 00:00:00
445,George,Lopez,george.lopez2@example.com,+1-511-413-8647,,,,,,,,,,2026-08-24 00:00:00
446,Priya,Dubois,priya.dubois@example.com,+1-502-574-8108,,,,,,,,,,2026-08-02 00:00:00
447,Kevin,Thompson,kevin.thompson@example.com,+1-505-383-2348,,,,,,,,,,2026-09-08 00:00:00
448,Zoe,Schmidt,zoe.schmidt@example.com,+1-693-928-1044,,,,,,,,,,2026-08-04 00:00:00
449,Omar,Khalil,omar.khalil@example.com,+1-917-503-3122,,,,,,,,,,2026-09-01 00:00:00
450,Hana,Flores,hana.flores@example.com,+1-557-510-7744,,,,,,,,,,2026-08-05 00:00:00
451,Sarah,Green,sarah.green@example.com,+1-451-713-7125,,,,,,,,,,2026-08-22 00:00:00
452,Diego,Moore,diego.moore@example.com,+1-908-589-1877,,,,,,,,,,2026-07-26 00:00:00
453,Patricia,Park,patricia.park@example.com,+1-685-691-8783,,,,,,,,,,2026-08-10 00:00:00
454,Nicole,Taylor,nicole.taylor@example.com,+1-321-874-2939,,,,,,,,,,2026-07-25 00:00:00
455,Matthew,Trabelsi,matthew.trabelsi@example.com,+1-841-553-2248,,,,,,,,,,2026-07-25 00:00:00
456,Sandra,Robinson,sandra.robinson@example.com,+1-498-256-5013,,,,,,,,,,2026-09-03 00:00:00
457,Ahmed,Thomas,ahmed.thomas@example.com,+1-314-784-1591,,,,,,,,,,2026-09-07 00:00:00
458,Ryan,Campbell,ryan.campbell@example.com,+1-970-255-8341,,,,,,,,,,2026-09-06 00:00:00
459,Elizabeth,Novak,elizabeth.novak@example.com,+1-209-924-6919,,,,,,,,,,2026-08-01 00:00:00
460,Amanda,Miller,amanda.miller@example.com,+1-686-817-3405,,,,,,,,,,2026-07-28 00:00:00
461,Matthew,Martinez,matthew.martinez@example.com,+1-399-726-3722,,,,,,,,,,2026-07-18 00:00:00
462,Julia,Mitchell,julia.mitchell@example.com,+1-452-942-2847,,,,,,,,,,2026-08-19 00:00:00
463,Noah,Mitchell,noah.mitchell@example.com,+1-838-934-4515,,,,,,,,,,2026-07-21 00:00:00
464,Mei,Thomas,mei.thomas@example.com,+1-879-511-9680,,,,,,,,,,2026-08-30 00:00:00
465,Diego,Brown,diego.brown@example.com,+1-411-266-3891,,,,,,,,,,2026-08-16 00:00:00
466,Brian,Wilson,brian.wilson@example.com,+1-335-949-9577,,,,,,,,,,2026-07-21 00:00:00
467,Robert,Larsen,robert.larsen@example.com,+1-764-807-3614,,,,,,,,,,2026-08-01 00:00:00
468,Amira,Ben Ali,amira.benali@example.com,+1-464-767-6817,,,,,,,,,,2026-07-15 00:00:00
469,John,Jensen,john.jensen@example.com,+1-424-441-7128,,,,,,,,,,2026-07-28 00:00:00
470,Sandra,Trabelsi,sandra.trabelsi@example.com,+1-724-203-5061,,,,,,,,,,2026-08-14 00:00:00
471,Jessica,Wilson,jessica.wilson@example.com,+1-809-737-8299,,,,,,,,,,2026-07-31 00:00:00
472,Mark,Moreau,mark.moreau2@example.com,+1-329-933-3991,,,,,,,,,,2026-07-12 00:00:00
473,Adam,Green,adam.green@example.com,+1-249-352-7150,,,,,,,,,,2026-08-24 00:00:00
474,Karen,Thompson,karen.thompson@example.com,+1-302-698-7199,,,,,,,,,,2026-08-19 00:00:00
475,Susan,Hill,susan.hill@example.com,+1-386-919-5857,,,,,,,,,,2026-08-15 00:00:00
476,David,White,david.white@example.com,+1-776-604-7848,,,,,,,,,,2026-08-14 00:00:00
477,Chloe,Jones,chloe.jones@example.com,+1-256-820-1347,,,,,,,,,,2026-09-09 00:00:00
478,Kevin,Trabelsi,kevin.trabelsi@example.com,+1-338-572-9963,,,,,,,,,,2026-09-05 00:00:00
479,Mark,Shah,mark.shah@example.com,+1-524-710-1304,,,,,,,,,,2026-09-05 00:00:00
480,Camille,Lopez,camille.lopez@example.com,+1-885-436-2653,,,,,,,,,,2026-08-15 00:00:00
481,Thomas,Trabelsi,thomas.trabelsi@example.com,+1-440-482-8264,,,,,,,,,,2026-07-19 00:00:00
482,Richard,Nelson,richard.nelson@example.com,+1-465-236-1632,,,,,,,,,,2026-08-09 00:00:00
483,Adam,Costa,adam.costa@example.com,+1-572-449-7986,,,,,,,,,,2026-08-29 00:00:00
484,Zoe,Jensen,zoe.jensen@example.com,+1-313-243-7433,,,,,,,,,,2026-08-28 00:00:00
485,Linda,Rossi,linda.rossi@example.com,+1-385-276-1599,,,,,,,,,,2026-07-30 00:00:00
486,Charles,Wang,charles.wang@example.com,+1-682-437-9878,,,,,,,,,,2026-09-03 00:00:00
487,Sarah,Russo,sarah.russo@example.com,+1-646-986-5301,,,,,,,,,,2026-09-10 00:00:00
488,Luca,Hernandez,luca.hernandez@example.com,+1-892-789-4281,,,,,,,,,,2026-09-03 00:00:00
489,John,Hall,john.hall@example.com,+1-699-948-7836,,,,,,,,,,2026-09-07 00:00:00
490,Anthony,Shah,anthony.shah@example.com,+1-338-220-1519,,,,,,,,,,2026-08-24 00:00:00
491,Tariq,Muller,tariq.muller@example.com,+1-316-890-2297,,,,,,,,,,2026-09-06 00:00:00
492,Joseph,Clark,joseph.clark@example.com,+1-355-685-1241,,,,,,,,,,2026-07-28 00:00:00
493,Nicole,Rossi,nicole.rossi@example.com,+1-372-717-7838,,,,,,,,,,2026-08-20 00:00:00
494,Rebecca,Ben Ali,rebecca.benali@example.com,+1-275-651-2388,,,,,,,,,,2026-07-26 00:00:00
495,Olivia,Sato,olivia.sato@example.com,+1-447-937-8314,,,,,,,,,,2026-09-05 00:00:00
496,Fatima,Campbell,fatima.campbell@example.com,+1-941-877-4749,,,,,,,,,,2026-07-29 00:00:00
497,Matthew,Garcia,matthew.garcia@example.com,+1-368-287-9828,,,,,,,,,,2026-09-09 00:00:00
498,David,Anderson,david.anderson@example.com,+1-760-975-8115,,,,,,,,,,2026-09-09 00:00:00
499,Lina,Lopez,lina.lopez@example.com,+1-881-797-3285,,,,,,,,,,2026-08-15 00:00:00
500,Joshua,Patel,joshua.patel@example.com,+1-424-259-3975,,,,,,,,,,2026-07-25 00:00:00
501,Jonathan,Wang,jonathan.wang@example.com,+1-226-807-3597,,,,,,,,,,2026-08-23 00:00:00
502,Mateo,Chen,mateo.chen@example.com,+1-845-984-7093,,,,,,,,,,2026-07-30 00:00:00
503,Steven,Dubois,steven.dubois@example.com,+1-476-586-2512,,,,,,,,,,2026-07-28 00:00:00
504,Timothy,Hernandez,timothy.hernandez@example.com,+1-614-492-1899,,,,,,,,,,2026-08-24 00:00:00
505,James,Hernandez,james.hernandez@example.com,+1-558-962-3174,,,,,,,,,,2026-08-29 00:00:00
506,Steven,Schmidt,steven.schmidt@example.com,+1-457-725-9083,,,,,,,,,,2026-08-26 00:00:00
507,Nour,Costa,nour.costa@example.com,+1-828-439-2188,,,,,,,,,,2026-07-28 00:00:00
508,Barbara,Clark,barbara.clark@example.com,+1-476-425-8216,,,,,,,,,,2026-09-03 00:00:00
509,Michelle,Adams,michelle.adams@example.com,+1-297-976-5606,,,,,,,,,,2026-09-08 00:00:00
510,Samuel,Jensen,samuel.jensen@example.com,+1-590-739-1335,,,,,,,,,,2026-09-03 00:00:00
511,Elizabeth,Rodriguez,elizabeth.rodriguez@example.com,+1-847-446-3464,,,,,,,,,,2026-08-29 00:00:00
512,Omar,Smith,omar.smith@example.com,+1-263-326-7264,,,,,,,,,,2026-08-02 00:00:00
513,James,Nelson,james.nelson@example.com,+1-871-470-1574,,,,,,,,,,2026-08-03 00:00:00
514,Matthew,O'Brien,matthew.obrien@example.com,+1-809-475-9562,,,,,,,,,,2026-08-02 00:00:00
515,Tariq,Larsen,tariq.larsen@example.com,+1-449-675-2559,,,,,,,,,,2026-09-08 00:00:00
516,Amira,Roberts,amira.roberts@example.com,+1-762-643-8377,,,,,,,,,,2026-08-03 00:00:00
517,George,Campbell,george.campbell@example.com,+1-313-458-9586,,,,,,,,,,2026-09-21 00:00:00
518,Barbara,Adams,barbara.adams@example.com,+1-226-227-3480,,,,,,,,,,2026-09-24 00:00:00
519,Thomas,Taylor,thomas.taylor@example.com,+1-869-710-1273,,,,,,,,,,2026-09-25 00:00:00
520,Mehdi,Brown,mehdi.brown@example.com,+1-272-305-4899,,,,,,,,,,2026-09-16 00:00:00
521,Mehdi,Schmidt,mehdi.schmidt@example.com,+1-782-662-5909,,,,,,,,,,2026-08-15 00:00:00
522,Nicholas,Smith,nicholas.smith@example.com,+1-972-495-7805,,,,,,,,,,2026-09-09 00:00:00
523,Arjun,Nelson,arjun.nelson@example.com,+1-305-221-2220,,,,,,,,,,2026-08-22 00:00:00
524,Felix,Flores,felix.flores@example.com,+1-404-895-9993,,,,,,,,,,2026-09-22 00:00:00
525,Amanda,Brown,amanda.brown@example.com,+1-936-249-2852,,,,,,,,,,2026-09-16 00:00:00
526,Patricia,Robinson,patricia.robinson@example.com,+1-257-292-9399,,,,,,,,,,2026-08-11 00:00:00
527,Olivia,Mitchell,olivia.mitchell@example.com,+1-828-692-4927,,,,,,,,,,2026-09-04 00:00:00
528,Steven,Taylor,steven.taylor@example.com,+1-789-893-1915,,,,,,,,,,2026-09-02 00:00:00
529,Adam,Lewis,adam.lewis@example.com,+1-461-209-9752,,,,,,,,,,2026-09-04 00:00:00
530,Cynthia,Lopez,cynthia.lopez@example.com,+1-840-639-6438,,,,,,,,,,2026-08-19 00:00:00
531,Hana,Torres,hana.torres@example.com,+1-273-878-8985,,,,,,,,,,2026-09-08 00:00:00
532,Eric,Garcia,eric.garcia@example.com,+1-954-585-3474,,,,,,,,,,2026-08-13 00:00:00
533,Michael,Lee,michael.lee@example.com,+1-560-492-2685,,,,,,,,,,2026-08-17 00:00:00
534,Melissa,Roberts,melissa.roberts@example.com,+1-905-844-3630,,,,,,,,,,2026-09-03 00:00:00
535,Karen,Young,karen.young@example.com,+1-792-856-4366,,,,,,,,,,2026-09-17 00:00:00
536,Joseph,Rossi,joseph.rossi@example.com,+1-601-560-7046,,,,,,,,,,2026-08-14 00:00:00
537,Susan,Trabelsi,susan.trabelsi@example.com,+1-905-818-3964,,,,,,,,,,2026-09-02 00:00:00
538,Brian,Campbell,brian.campbell@example.com,+1-292-914-1348,,,,,,,,,,2026-09-16 00:00:00
539,Daniel,Baker,daniel.baker@example.com,+1-439-484-6083,,,,,,,,,,2026-08-10 00:00:00
540,Omar,Roberts,omar.roberts@example.com,+1-741-339-7001,,,,,,,,,,2026-08-21 00:00:00
541,Thomas,Young,thomas.young2@example.com,+1-419-667-8772,,,,,,,,,,2026-09-19 00:00:00
542,Youssef,Rossi,youssef.rossi@example.com,+1-463-668-7245,,,,,,,,,,2026-08-07 00:00:00
543,Rebecca,Hernandez,rebecca.hernandez@example.com,+1-497-552-1021,,,,,,,,,,2026-08-27 00:00:00
544,Wei,Novak,wei.novak@example.com,+1-883-209-2468,,,,,,,,,,2026-09-16 00:00:00
545,Camille,Nguyen,camille.nguyen@example.com,+1-688-208-6926,,,,,,,,,,2026-09-01 00:00:00
546,Diego,Clark,diego.clark@example.com,+1-962-226-3580,,,,,,,,,,2026-09-03 00:00:00
547,Nicole,Costa,nicole.costa@example.com,+1-731-644-5656,,,,,,,,,,2026-09-20 00:00:00
548,Lisa,Nielsen,lisa.nielsen@example.com,+1-638-950-9499,,,,,,,,,,2026-08-22 00:00:00
549,Joseph,White,joseph.white@example.com,+1-902-310-4573,,,,,,,,,,2026-09-11 00:00:00
550,Sara,Dubois,sara.dubois@example.com,+1-222-397-7663,,,,,,,,,,2026-08-21 00:00:00
551,Priya,Garcia,priya.garcia@example.com,+1-783-288-1688,,,,,,,,,,2026-08-09 00:00:00
552,Sara,Ivanov,sara.ivanov@example.com,+1-254-621-8508,,,,,,,,,,2026-09-22 00:00:00
553,Nicole,Santos,nicole.santos@example.com,+1-239-901-8346,,,,,,,,,,2026-08-19 00:00:00
554,Elena,King,elena.king@example.com,+1-401-899-5553,,,,,,,,,,2026-09-25 00:00:00
555,Adam,Moreau,adam.moreau@example.com,+1-997-307-5859,,,,,,,,,,2026-08-13 00:00:00
556,Eric,Adams,eric.adams@example.com,+1-439-693-3088,,,,,,,,,,2026-08-13 00:00:00
557,Linda,Park,linda.park@example.com,+1-771-245-1582,,,,,,,,,,2026-09-11 00:00:00
558,Priya,Baker,priya.baker@example.com,+1-473-418-6930,,,,,,,,,,2026-09-06 00:00:00
559,Joshua,Wilson,joshua.wilson@example.com,+1-481-622-7097,,,,,,,,,,2026-09-25 00:00:00
560,Elizabeth,Rossi,elizabeth.rossi@example.com,+1-938-541-8393,,,,,,,,,,2026-09-12 00:00:00
561,Sarah,Carter,sarah.carter@example.com,+1-920-986-5032,,,,,,,,,,2026-09-22 00:00:00
562,Anthony,Wilson,anthony.wilson@example.com,+1-648-991-3958,,,,,,,,,,2026-09-04 00:00:00
563,Ryan,Smith,ryan.smith@example.com,+1-675-676-3839,,,,,,,,,,2026-08-14 00:00:00
564,Mark,Brown,mark.brown@example.com,+1-232-904-4278,,,,,,,,,,2026-08-09 00:00:00
565,Jessica,Walker,jessica.walker@example.com,+1-216-742-7293,,,,,,,,,,2026-08-23 00:00:00
566,Noah,Jensen,noah.jensen@example.com,+1-856-229-7226,,,,,,,,,,2026-08-26 00:00:00
567,Salma,Smith,salma.smith@example.com,+1-224-228-2430,,,,,,,,,,2026-09-11 00:00:00
568,Zoe,Clark,zoe.clark@example.com,+1-949-358-9119,,,,,,,,,,2026-08-24 00:00:00
569,Michael,Chen,michael.chen@example.com,+1-405-560-5241,,,,,,,,,,2026-09-23 00:00:00
570,Adam,Wright,adam.wright@example.com,+1-430-783-7761,,,,,,,,,,2026-08-08 00:00:00
571,Linda,Mansour,linda.mansour@example.com,+1-511-440-5348,,,,,,,,,,2026-08-11 00:00:00
572,Michelle,Patel,michelle.patel@example.com,+1-550-602-5023,,,,,,,,,,2026-08-31 00:00:00
573,Anna,Torres,anna.torres@example.com,+1-499-641-7200,,,,,,,,,,2026-08-26 00:00:00
574,Cynthia,Hill,cynthia.hill@example.com,+1-926-338-9388,,,,,,,,,,2026-08-31 00:00:00
575,Emily,Flores,emily.flores@example.com,+1-471-763-1730,,,,,,,,,,2026-09-25 00:00:00
576,Aiko,Mitchell,aiko.mitchell@example.com,+1-759-359-7746,,,,,,,,,,2026-08-23 00:00:00
577,Michelle,Tanaka,michelle.tanaka@example.com,+1-832-366-6556,,,,,,,,,,2026-09-10 00:00:00
578,Nicole,Murphy,nicole.murphy@example.com,+1-201-964-8702,,,,,,,,,,2026-09-18 00:00:00
579,Laura,Hernandez,laura.hernandez@example.com,+1-656-852-3079,,,,,,,,,,2026-08-30 00:00:00
580,Nour,Young,nour.young@example.com,+1-513-532-8686,,,,,,,,,,2026-09-17 00:00:00
581,Victor,Roberts,victor.roberts@example.com,+1-507-200-6499,,,,,,,,,,2026-09-18 00:00:00
582,Amira,Williams,amira.williams@example.com,+1-653-793-5468,,,,,,,,,,2026-08-10 00:00:00
583,Yasmine,Fontaine,yasmine.fontaine@example.com,+1-570-422-5671,,,,,,,,,,2026-08-29 00:00:00
584,Clara,Martinez,clara.martinez@example.com,+1-989-395-9740,,,,,,,,,,2026-08-14 00:00:00
585,Lucia,Sato,lucia.sato@example.com,+1-932-686-8638,,,,,,,,,,2026-09-15 00:00:00
586,Sarah,Wang,sarah.wang@example.com,+1-811-621-5687,,,,,,,,,,2026-09-16 00:00:00
587,Priya,Rodriguez,priya.rodriguez@example.com,+1-675-504-8193,,,,,,,,,,2026-08-09 00:00:00
588,Eric,Fontaine,eric.fontaine@example.com,+1-286-944-2381,,,,,,,,,,2026-09-05 00:00:00
589,Alice,Nelson,alice.nelson@example.com,+1-587-238-9808,,,,,,,,,,2026-08-31 00:00:00
590,James,Smith,james.smith@example.com,+1-331-701-7345,,,,,,,,,,2026-08-24 00:00:00
591,Yasmine,Martin,yasmine.martin@example.com,+1-769-673-8308,,,,,,,,,,2026-09-25 00:00:00
592,Joseph,Young,joseph.young@example.com,+1-910-785-5896,,,,,,,,,,2026-08-16 00:00:00
593,Amy,Martin,amy.martin@example.com,+1-309-463-6878,,,,,,,,,,2026-08-08 00:00:00
594,Jacob,Nielsen,jacob.nielsen@example.com,+1-997-328-2029,,,,,,,,,,2026-09-08 00:00:00
595,Amy,Novak,amy.novak@example.com,+1-716-642-3533,,,,,,,,,,2026-09-04 00:00:00
596,Melissa,Harris,melissa.harris@example.com,+1-433-231-8191,,,,,,,,,,2026-08-08 00:00:00
597,Jonathan,Oliveira,jonathan.oliveira2@example.com,+1-608-697-4852,,,,,,,,,,2026-09-16 00:00:00
598,Emma,Haddad,emma.haddad@example.com,+1-602-260-9139,,,,,,,,,,2026-08-14 00:00:00
599,Steven,Nielsen,steven.nielsen@example.com,+1-456-848-8070,,,,,,,,,,2026-09-01 00:00:00
600,Arjun,Roberts,arjun.roberts@example.com,+1-868-379-3760,,,,,,,,,,2026-09-04 00:00:00
601,Zoe,Lopez,zoe.lopez@example.com,+1-386-445-9000,,,,,,,,,,2026-08-16 00:00:00
602,Ryan,Trabelsi,ryan.trabelsi@example.com,+1-509-312-8380,,,,,,,,,,2026-09-14 00:00:00
603,Lucas,Tanaka,lucas.tanaka@example.com,+1-323-258-1408,,,,,,,,,,2026-08-21 00:00:00
604,Manon,Khalil,manon.khalil@example.com,+1-520-671-7501,,,,,,,,,,2026-08-09 00:00:00
605,Lucia,Wang,lucia.wang@example.com,+1-992-511-2026,,,,,,,,,,2026-09-18 00:00:00
606,Nicole,Scott,nicole.scott@example.com,+1-433-555-8234,,,,,,,,,,2026-08-12 00:00:00
607,Matthew,Wang,matthew.wang@example.com,+1-575-269-3355,,,,,,,,,,2026-08-25 00:00:00
608,Jennifer,Roberts,jennifer.roberts@example.com,+1-894-793-8944,,,,,,,,,,2026-09-19 00:00:00
609,Nancy,Flores,nancy.flores2@example.com,+1-744-429-3379,,,,,,,,,,2026-09-13 00:00:00
610,Susan,O'Brien,susan.obrien@example.com,+1-375-551-9419,,,,,,,,,,2026-09-20 00:00:00
611,Eric,Lopez,eric.lopez@example.com,+1-397-396-6511,,,,,,,,,,2026-09-15 00:00:00
612,Charles,Allen,charles.allen@example.com,+1-724-519-3947,,,,,,,,,,2026-08-13 00:00:00
613,Mary,Silva,mary.silva@example.com,+1-932-681-6170,,,,,,,,,,2026-09-08 00:00:00
614,Mateo,Allen,mateo.allen@example.com,+1-327-872-3884,,,,,,,,,,2026-09-14 00:00:00
615,Emma,Mansour,emma.mansour@example.com,+1-396-421-7554,,,,,,,,,,2026-08-23 00:00:00
616,Amy,Torres,amy.torres@example.com,+1-734-472-6045,,,,,,,,,,2026-08-24 00:00:00
617,Lisa,Laurent,lisa.laurent@example.com,+1-930-713-2287,,,,,,,,,,2026-09-07 00:00:00
618,Charles,Sato,charles.sato@example.com,+1-971-612-6389,,,,,,,,,,2026-09-04 00:00:00
619,Jacob,Trabelsi,jacob.trabelsi@example.com,+1-443-249-6109,,,,,,,,,,2026-09-13 00:00:00
620,Ivan,White,ivan.white@example.com,+1-842-603-5808,,,,,,,,,,2026-08-29 00:00:00
621,Hugo,Williams,hugo.williams@example.com,+1-290-851-6923,,,,,,,,,,2026-09-19 00:00:00
622,Thomas,Laurent,thomas.laurent@example.com,+1-803-422-4150,,,,,,,,,,2026-08-27 00:00:00
623,Mark,Lee,mark.lee@example.com,+1-543-886-7863,,,,,,,,,,2026-08-11 00:00:00
624,Steven,Santos,steven.santos@example.com,+1-447-631-2828,,,,,,,,,,2026-08-12 00:00:00
625,Arjun,Miller,arjun.miller@example.com,+1-601-326-8999,,,,,,,,,,2026-08-20 00:00:00
626,Sharon,Campbell,sharon.campbell@example.com,+1-245-376-2913,,,,,,,,,,2026-09-23 00:00:00
627,Anna,Silva,anna.silva@example.com,+1-396-742-4527,,,,,,,,,,2026-08-26 00:00:00
628,Anthony,Young,anthony.young@example.com,+1-368-466-2157,,,,,,,,,,2026-08-29 00:00:00
629,William,Ben Ali,william.benali@example.com,+1-905-487-8606,,,,,,,,,,2026-08-25 00:00:00
630,Karim,Williams,karim.williams2@example.com,+1-476-938-8115,,,,,,,,,,2026-09-02 00:00:00
631,Laura,Robinson,laura.robinson@example.com,+1-939-656-3681,,,,,,,,,,2026-08-22 00:00:00
632,Mark,Jones,mark.jones@example.com,+1-789-201-2538,,,,,,,,,,2026-09-09 00:00:00
633,Lucas,Nelson,lucas.nelson@example.com,+1-272-347-7849,,,,,,,,,,2026-08-29 00:00:00
634,David,King,david.king@example.com,+1-960-684-6535,,,,,,,,,,2026-09-04 00:00:00
635,Mateo,Brown,mateo.brown@example.com,+1-389-679-6611,,,,,,,,,,2026-08-27 00:00:00
636,Elizabeth,Lee,elizabeth.lee2@example.com,+1-800-991-4811,,,,,,,,,,2026-08-21 00:00:00
637,Youssef,Brown,youssef.brown@example.com,+1-586-219-1347,,,,,,,,,,2026-08-29 00:00:00
638,Cynthia,Davis,cynthia.davis@example.com,+1-395-536-6165,,,,,,,,,,2026-09-21 00:00:00
639,Olivia,Jones,olivia.jones@example.com,+1-264-322-6946,,,,,,,,,,2026-09-09 00:00:00
640,Amanda,Patel,amanda.patel@example.com,+1-550-904-7607,,,,,,,,,,2026-08-31 00:00:00
641,Karen,Sato,karen.sato@example.com,+1-965-992-6201,,,,,,,,,,2026-09-08 00:00:00
642,Lea,Silva,lea.silva@example.com,+1-865-504-7571,,,,,,,,,,2026-09-07 00:00:00
643,Elena,Oliveira,elena.oliveira@example.com,+1-670-579-2489,,,,,,,,,,2026-09-07 00:00:00
644,Salma,Fontaine,salma.fontaine@example.com,+1-879-318-4881,,,,,,,,,,2026-09-21 00:00:00
645,Manon,Chen,manon.chen@example.com,+1-883-968-6471,,,,,,,,,,2026-09-21 00:00:00
646,Sandra,Rodriguez,sandra.rodriguez@example.com,+1-804-634-9425,,,,,,,,,,2026-09-22 00:00:00
647,Amy,Roberts,amy.roberts@example.com,+1-727-662-9133,,,,,,,,,,2026-09-04 00:00:00
648,Sarah,Jackson,sarah.jackson@example.com,+1-403-579-7521,,,,,,,,,,2026-08-26 00:00:00
649,Julia,Flores,julia.flores@example.com,+1-715-368-5167,,,,,,,,,,2026-09-06 00:00:00
650,Karen,Wang,karen.wang@example.com,+1-608-211-1811,,,,,,,,,,2026-08-19 00:00:00
651,Lisa,Thompson,lisa.thompson@example.com,+1-888-900-7866,,,,,,,,,,2026-09-03 00:00:00
652,Paul,Ivanov,paul.ivanov@example.com,+1-267-794-5603,,,,,,,,,,2026-09-17 00:00:00
653,Joseph,Sato,joseph.sato@example.com,+1-704-571-4354,,,,,,,,,,2026-09-06 00:00:00
654,Joshua,Harris,joshua.harris2@example.com,+1-422-210-9349,,,,,,,,,,2026-09-12 00:00:00
655,Joseph,Murphy,joseph.murphy@example.com,+1-580-461-4634,,,,,,,,,,2026-08-26 00:00:00
656,David,Wang,david.wang@example.com,+1-246-539-8109,,,,,,,,,,2026-09-02 00:00:00
657,Nancy,Walker,nancy.walker@example.com,+1-377-728-3633,,,,,,,,,,2026-08-28 00:00:00
658,Salma,King,salma.king@example.com,+1-968-520-7125,,,,,,,,,,2026-09-24 00:00:00
659,Anna,Chen,anna.chen@example.com,+1-483-592-5496,,,,,,,,,,2026-09-08 00:00:00
660,Hugo,Wang,hugo.wang@example.com,+1-805-283-9655,,,,,,,,,,2026-09-22 00:00:00
661,Nicholas,Shah,nicholas.shah@example.com,+1-423-945-4765,,,,,,,,,,2026-08-21 00:00:00
662,Nancy,Rossi,nancy.rossi@example.com,+1-941-355-9641,,,,,,,,,,2026-09-04 00:00:00
663,Tariq,Young,tariq.young@example.com,+1-695-757-1120,,,,,,,,,,2026-09-16 00:00:00
664,Matthew,Smith,matthew.smith@example.com,+1-218-860-2381,,,,,,,,,,2026-09-04 00:00:00
665,Barbara,Moreau,barbara.moreau@example.com,+1-634-718-5423,,,,,,,,,,2026-09-18 00:00:00
666,Ethan,Johnson,ethan.johnson@example.com,+1-418-305-1140,,,,,,,,,,2026-08-28 00:00:00
667,Michael,Lewis,michael.lewis@example.com,+1-604-342-3457,,,,,,,,,,2026-09-12 00:00:00
668,John,Green,john.green@example.com,+1-732-829-6665,,,,,,,,,,2026-08-30 00:00:00
669,Sandra,Chen,sandra.chen@example.com,+1-948-653-8564,,,,,,,,,,2026-09-15 00:00:00
670,Susan,Jackson,susan.jackson@example.com,+1-249-775-4877,,,,,,,,,,2026-09-08 00:00:00
671,Oscar,Hill,oscar.hill@example.com,+1-262-423-2308,,,,,,,,,,2026-09-03 00:00:00
672,Sara,Khalil,sara.khalil@example.com,+1-814-533-6649,,,,,,,,,,2026-09-19 00:00:00
673,Sophia,Williams,sophia.williams@example.com,+1-638-777-4307,,,,,,,,,,2026-08-25 00:00:00
674,Samuel,Hernandez,samuel.hernandez@example.com,+1-461-841-9419,,,,,,,,,,2026-08-30 00:00:00
675,Yasmine,Nelson,yasmine.nelson@example.com,+1-538-696-8058,,,,,,,,,,2026-08-26 00:00:00
676,George,Harris,george.harris@example.com,+1-431-262-4958,,,,,,,,,,2026-08-31 00:00:00
677,Zoe,Brown,zoe.brown@example.com,+1-807-835-4927,,,,,,,,,,2026-08-21 00:00:00
678,Emily,Ivanov,emily.ivanov@example.com,+1-713-610-6872,,,,,,,,,,2026-09-19 00:00:00
679,Jennifer,Larsen,jennifer.larsen@example.com,+1-910-606-4366,,,,,,,,,,2026-09-14 00:00:00
680,Camille,Rivera,camille.rivera@example.com,+1-388-258-3549,,,,,,,,,,2026-09-18 00:00:00
681,Eric,Harris,eric.harris@example.com,+1-949-493-8614,,,,,,,,,,2026-09-07 00:00:00
682,Rebecca,White,rebecca.white@example.com,+1-375-502-8237,,,,,,,,,,2026-08-28 00:00:00
683,Luca,Russo,luca.russo@example.com,+1-547-265-1143,,,,,,,,,,2026-09-21 00:00:00
684,Jacob,Kowalski,jacob.kowalski@example.com,+1-740-206-4093,,,,,,,,,,2026-09-21 00:00:00
685,Sophia,Robinson,sophia.robinson@example.com,+1-422-650-1045,,,,,,,,,,2026-09-03 00:00:00
686,Sandra,Laurent,sandra.laurent@example.com,+1-573-311-4335,,,,,,,,,,2026-09-21 00:00:00
687,Thomas,Rodriguez,thomas.rodriguez@example.com,+1-852-295-6233,,,,,,,,,,2026-08-27 00:00:00
688,Oscar,Moore,oscar.moore@example.com,+1-201-324-9575,,,,,,,,,,2026-09-23 00:00:00
689,Rayan,Nguyen,rayan.nguyen@example.com,+1-485-773-5706,,,,,,,,,,2026-09-07 00:00:00
690,Fatima,Kowalski,fatima.kowalski@example.com,+1-570-427-9769,,,,,,,,,,2026-09-16 00:00:00
691,Omar,O'Brien,omar.obrien@example.com,+1-269-878-8473,,,,,,,,,,2026-08-28 00:00:00
692,Tariq,Hall,tariq.hall@example.com,+1-313-873-6969,,,,,,,,,,2026-09-05 00:00:00
693,Nour,Rivera,nour.rivera@example.com,+1-871-938-9547,,,,,,,,,,2026-08-30 00:00:00
694,Mehdi,Brown,mehdi.brown2@example.com,+1-519-896-2201,,,,,,,,,,2026-08-28 00:00:00
695,Timothy,Lopez,timothy.lopez@example.com,+1-787-847-7824,,,,,,,,,,2026-09-01 00:00:00
696,Nour,Rodriguez,nour.rodriguez@example.com,+1-499-604-7015,,,,,,,,,,2026-09-06 00:00:00
697,Amy,Kowalski,amy.kowalski@example.com,+1-621-637-7232,,,,,,,,,,2026-09-01 00:00:00
698,Elena,Williams,elena.williams@example.com,+1-579-849-8788,,,,,,,,,,2026-09-08 00:00:00
699,Samuel,Scott,samuel.scott@example.com,+1-342-443-4636,,,,,,,,,,2026-08-25 00:00:00
700,Emma,Wright,emma.wright@example.com,+1-727-817-4874,,,,,,,,,,2026-09-05 00:00:00
701,Arjun,Novak,arjun.novak@example.com,+1-339-476-3447,,,,,,,,,,2026-09-19 00:00:00
702,Tariq,Robinson,tariq.robinson@example.com,+1-647-398-5828,,,,,,,,,,2026-08-29 00:00:00
703,Elizabeth,Lopez,elizabeth.lopez@example.com,+1-276-927-6868,,,,,,,,,,2026-09-04 00:00:00
704,Olivia,Martin,olivia.martin2@example.com,+1-607-761-1324,,,,,,,,,,2026-08-30 00:00:00
705,Michael,White,michael.white@example.com,+1-558-473-3610,,,,,,,,,,2026-09-13 00:00:00
706,Ahmed,Chen,ahmed.chen@example.com,+1-274-487-1657,,,,,,,,,,2026-09-15 00:00:00
707,Rayan,Taylor,rayan.taylor@example.com,+1-458-686-8481,,,,,,,,,,2026-09-01 00:00:00
708,Sarah,Robinson,sarah.robinson2@example.com,+1-367-794-1820,,,,,,,,,,2026-09-12 00:00:00
709,Priya,Clark,priya.clark@example.com,+1-291-539-4010,,,,,,,,,,2026-08-29 00:00:00
710,Clara,Sato,clara.sato@example.com,+1-771-289-1620,,,,,,,,,,2026-09-01 00:00:00
711,Lisa,Murphy,lisa.murphy@example.com,+1-305-956-7008,,,,,,,,,,2026-09-13 00:00:00
712,William,Young,william.young@example.com,+1-452-622-2167,,,,,,,,,,2026-08-28 00:00:00
713,Zoe,White,zoe.white@example.com,+1-944-475-4022,,,,,,,,,,2026-08-31 00:00:00
714,David,Laurent,david.laurent@example.com,+1-326-350-4888,,,,,,,,,,2026-09-24 00:00:00
715,Mehdi,Larsen,mehdi.larsen@example.com,+1-657-315-9917,,,,,,,,,,2026-09-24 00:00:00
716,Jonathan,Ben Ali,jonathan.benali@example.com,+1-261-699-2820,,,,,,,,,,2026-09-25 00:00:00
717,Ahmed,Lopez,ahmed.lopez@example.com,+1-749-594-9706,,,,,,,,,,2026-09-18 00:00:00
718,Ahmed,Trabelsi,ahmed.trabelsi2@example.com,+1-552-241-6230,,,,,,,,,,2026-09-01 00:00:00
719,James,King,james.king@example.com,+1-374-257-4908,,,,,,,,,,2026-09-23 00:00:00
720,Matthew,Garcia,matthew.garcia2@example.com,+1-991-576-9965,,,,,,,,,,2026-09-13 00:00:00
721,Sophia,Nguyen,sophia.nguyen@example.com,+1-775-264-8560,,,,,,,,,,2026-09-21 00:00:00
722,Andrew,Lee,andrew.lee@example.com,+1-211-734-1857,,,,,,,,,,2026-09-24 00:00:00
723,Hugo,Young,hugo.young@example.com,+1-305-344-6812,,,,,,,,,,2026-09-25 00:00:00
724,Hugo,Jensen,hugo.jensen@example.com,+1-880-530-3168,,,,,,,,,,2026-09-20 00:00:00
725,Chloe,Thomas,chloe.thomas@example.com,+1-252-595-8176,,,,,,,,,,2026-09-20 00:00:00
726,Joseph,Lee,joseph.lee@example.com,+1-689-428-3373,,,,,,,,,,2026-08-29 00:00:00
727,Charles,Oliveira,charles.oliveira@example.com,+1-639-234-4824,,,,,,,,,,2026-08-31 00:00:00
728,Chloe,Dubois,chloe.dubois2@example.com,+1-400-849-5074,,,,,,,,,,2026-09-18 00:00:00
729,Andrew,Schmidt,andrew.schmidt@example.com,+1-915-377-9821,,,,,,,,,,2026-09-17 00:00:00
730,Charles,Nguyen,charles.nguyen@example.com,+1-920-785-8167,,,,,,,,,,2026-09-19 00:00:00
731,Cynthia,Moreau,cynthia.moreau@example.com,+1-757-729-6415,,,,,,,,,,2026-09-16 00:00:00
732,Nicole,Scott,nicole.scott2@example.com,+1-608-343-4195,,,,,,,,,,2026-09-07 00:00:00
733,Lisa,Mitchell,lisa.mitchell@example.com,+1-848-299-1557,,,,,,,,,,2026-08-31 00:00:00
734,Brian,Patel,brian.patel@example.com,+1-876-625-4409,,,,,,,,,,2026-09-22 00:00:00
735,Lucia,Flores,lucia.flores@example.com,+1-612-802-7257,,,,,,,,,,2026-09-10 00:00:00
736,Susan,Sato,susan.sato@example.com,+1-583-618-3337,,,,,,,,,,2026-09-10 00:00:00
737,Joshua,White,joshua.white@example.com,+1-467-493-1746,,,,,,,,,,2026-09-17 00:00:00
738,Nour,Thomas,nour.thomas@example.com,+1-734-343-5923,,,,,,,,,,2026-09-22 00:00:00
739,Ahmed,Shah,ahmed.shah@example.com,+1-453-878-2663,,,,,,,,,,2026-09-20 00:00:00
740,Emily,Martinez,emily.martinez@example.com,+1-515-539-8199,,,,,,,,,,2026-09-21 00:00:00
741,Lea,Russo,lea.russo@example.com,+1-801-329-5041,,,,,,,,,,2026-09-09 00:00:00
742,Youssef,Hernandez,youssef.hernandez@example.com,+1-830-724-3531,,,,,,,,,,2026-09-22 00:00:00
743,Elena,Santos,elena.santos@example.com,+1-904-344-7922,,,,,,,,,,2026-09-01 00:00:00
744,Rebecca,Haddad,rebecca.haddad@example.com,+1-535-998-2573,,,,,,,,,,2026-09-02 00:00:00
745,Rayan,Torres,rayan.torres@example.com,+1-549-718-4918,,,,,,,,,,2026-09-08 00:00:00
746,Omar,Oliveira,omar.oliveira@example.com,+1-560-333-4324,,,,,,,,,,2026-09-02 00:00:00
747,Steven,Muller,steven.muller@example.com,+1-285-447-5211,,,,,,,,,,2026-09-04 00:00:00
748,Sophia,Clark,sophia.clark@example.com,+1-630-217-6552,,,,,,,,,,2026-09-02 00:00:00
749,Luca,Thomas,luca.thomas@example.com,+1-581-280-7710,,,,,,,,,,2026-08-30 00:00:00
750,Manon,Hill,manon.hill@example.com,+1-348-320-2973,,,,,,,,,,2026-09-12 00:00:00
751,Daniel,Trabelsi,daniel.trabelsi@example.com,+1-318-696-4006,,,,,,,,,,2026-09-17 00:00:00
752,Sara,Flores,sara.flores@example.com,+1-435-670-6928,,,,,,,,,,2026-09-20 00:00:00
753,Anna,Lewis,anna.lewis2@example.com,+1-450-925-7077,,,,,,,,,,2026-09-02 00:00:00
754,Elizabeth,Jones,elizabeth.jones@example.com,+1-781-671-9237,,,,,,,,,,2026-09-07 00:00:00
755,Michelle,Robinson,michelle.robinson@example.com,+1-693-861-9015,,,,,,,,,,2026-08-30 00:00:00
756,Manon,Young,manon.young@example.com,+1-813-454-3410,,,,,,,,,,2026-09-17 00:00:00
757,Melissa,Novak,melissa.novak@example.com,+1-969-454-5692,,,,,,,,,,2026-09-12 00:00:00
758,Nicole,Mitchell,nicole.mitchell@example.com,+1-837-675-8982,,,,,,,,,,2026-09-02 00:00:00
759,Timothy,Murphy,timothy.murphy@example.com,+1-688-321-1368,,,,,,,,,,2026-09-07 00:00:00
760,Eric,Carter,eric.carter@example.com,+1-837-612-9176,,,,,,,,,,2026-08-30 00:00:00
761,Julia,Khalil,julia.khalil@example.com,+1-240-541-2273,,,,,,,,,,2026-09-18 00:00:00
762,Emma,Young,emma.young@example.com,+1-216-299-5526,,,,,,,,,,2026-09-05 00:00:00
763,Lea,Russo,lea.russo2@example.com,+1-337-835-6711,,,,,,,,,,2026-09-11 00:00:00
764,Rebecca,Chen,rebecca.chen@example.com,+1-226-242-4446,,,,,,,,,,2026-09-21 00:00:00
765,Timothy,Thompson,timothy.thompson@example.com,+1-247-224-1889,,,,,,,,,,2026-09-11 00:00:00
766,Mateo,Miller,mateo.miller@example.com,+1-532-987-3249,,,,,,,,,,2026-09-07 00:00:00
767,Amanda,Flores,amanda.flores@example.com,+1-576-578-7458,,,,,,,,,,2026-09-12 00:00:00
768,Youssef,Torres,youssef.torres@example.com,+1-925-229-1639,,,,,,,,,,2026-09-05 00:00:00
769,Matthew,Moore,matthew.moore@example.com,+1-731-618-6743,,,,,,,,,,2026-09-15 00:00:00
770,Emily,Robinson,emily.robinson@example.com,+1-516-330-6748,,,,,,,,,,2026-09-09 00:00:00
771,Hugo,Johnson,hugo.johnson@example.com,+1-990-522-4587,,,,,,,,,,2026-09-21 00:00:00
772,Jonathan,Kowalski,jonathan.kowalski@example.com,+1-968-360-7360,,,,,,,,,,2026-09-06 00:00:00
773,Sandra,Clark,sandra.clark@example.com,+1-770-830-2157,,,,,,,,,,2026-09-15 00:00:00
774,Sophia,Carter,sophia.carter@example.com,+1-987-945-6885,,,,,,,,,,2026-09-18 00:00:00
775,Karen,Muller,karen.muller@example.com,+1-816-301-8930,,,,,,,,,,2026-09-20 00:00:00
776,Mateo,Baker,mateo.baker@example.com,+1-934-974-8260,,,,,,,,,,2026-09-09 00:00:00
777,Diego,Hernandez,diego.hernandez@example.com,+1-333-255-9528,,,,,,,,,,2026-09-18 00:00:00
778,Nicholas,Torres,nicholas.torres@example.com,+1-778-994-5970,,,,,,,,,,2026-09-20 00:00:00
779,Fatima,Harris,fatima.harris@example.com,+1-992-614-9370,,,,,,,,,,2026-09-14 00:00:00
780,Barbara,Laurent,barbara.laurent@example.com,+1-339-915-1921,,,,,,,,,,2026-09-12 00:00:00
781,Michael,Wang,michael.wang@example.com,+1-877-284-1838,,,,,,,,,,2026-09-12 00:00:00
782,Yasmine,Costa,yasmine.costa@example.com,+1-800-384-2710,,,,,,,,,,2026-09-05 00:00:00
783,Jonathan,Flores,jonathan.flores@example.com,+1-794-361-7860,,,,,,,,,,2026-09-20 00:00:00
784,Mateo,Garcia,mateo.garcia2@example.com,+1-559-408-2021,,,,,,,,,,2026-09-14 00:00:00
785,Elizabeth,Thomas,elizabeth.thomas@example.com,+1-265-742-4041,,,,,,,,,,2026-09-18 00:00:00
786,Linda,Thompson,linda.thompson@example.com,+1-746-574-2635,,,,,,,,,,2026-09-16 00:00:00
787,Noah,Walker,noah.walker@example.com,+1-598-322-8417,,,,,,,,,,2026-09-09 00:00:00
788,Lisa,Schmidt,lisa.schmidt@example.com,+1-681-909-2587,,,,,,,,,,2026-09-19 00:00:00
789,Sharon,Thompson,sharon.thompson@example.com,+1-795-979-7210,,,,,,,,,,2026-09-17 00:00:00
790,Patricia,Scott,patricia.scott@example.com,+1-817-765-1604,,,,,,,,,,2026-09-18 00:00:00
791,Nicholas,Wright,nicholas.wright@example.com,+1-844-893-5152,,,,,,,,,,2026-09-24 00:00:00
792,Olivia,Khalil,olivia.khalil@example.com,+1-825-984-8452,,,,,,,,,,2026-09-17 00:00:00
793,Jacob,Hall,jacob.hall@example.com,+1-622-773-4788,,,,,,,,,,2026-09-22 00:00:00
794,Ashley,Lewis,ashley.lewis@example.com,+1-216-980-2761,,,,,,,,,,2026-09-21 00:00:00
795,Ashley,Young,ashley.young@example.com,+1-424-319-2376,,,,,,,,,,2026-09-22 00:00:00
796,Karen,Johnson,karen.johnson@example.com,+1-876-740-1635,,,,,,,,,,2026-09-20 00:00:00
797,Omar,Adams,omar.adams@example.com,+1-601-963-9342,,,,,,,,,,2026-09-19 00:00:00
798,Ashley,Muller,ashley.muller@example.com,+1-909-547-3547,,,,,,,,,,2026-09-23 00:00:00
799,Hana,Fontaine,hana.fontaine@example.com,+1-764-608-3876,,,,,,,,,,2026-09-20 00:00:00
800,Cynthia,Carter,cynthia.carter@example.com,+1-833-221-7811,,,,,,,,,,2026-09-25 00:00:00
801,Anna,Nelson,anna.nelson@example.com,+1-301-844-7313,,,,,,,,,,2026-09-17 00:00:00
802,Arjun,Kowalski,arjun.kowalski@example.com,+1-233-606-4642,,,,,,,,,,2026-09-25 00:00:00
