application_id,applicant_id,job_id,application_date,desired_salary,status,ai_match_score,status_updated_at,created_at
c14b7f82-d873-4f75-813a-0f6504bd1f8a,1,2,2026-01-31,55500,OFFERED,,2026-03-05 00:00:00,2026-10-02 19:10:56
6aa879e2-092b-4bee-8d4c-e71b7bce506f,2,2,2026-02-06,72200,REJECTED,,2026-02-11 00:00:00,2026-10-02 19:10:56
6106a82e-e169-41d3-ae7c-e35596a42c39,3,2,2026-03-15,59400,REJECTED,,2026-04-04 00:00:00,2026-10-02 19:10:56
02c68668-417d-44c5-a890-50d86f8cd27d,4,2,2026-02-22,72700,REJECTED,,2026-03-09 00:00:00,2026-10-02 19:10:56
d50e7554-d11c-4bd5-b415-e3746ddae837,5,2,2026-03-11,77600,REJECTED,,2026-04-04 00:00:00,2026-10-02 19:10:56
a4f66dad-506d-4c76-b4f6-31be4942fdf8,6,2,2026-02-08,85200,REJECTED,,2026-02-27 00:00:00,2026-10-02 19:10:56
216de64b-07b7-4d8e-ada0-db1305f038b0,7,2,2026-02-02,81700,REJECTED,,2026-02-09 00:00:00,2026-10-02 19:10:56
dd0638dd-a2a5-46f2-84c8-23c7085ff411,8,2,2026-01-25,70000,REJECTED,,2026-02-23 00:00:00,2026-10-02 19:10:56
fcb8bcf4-fd40-4bce-94f5-80ae64e51c3b,9,2,2026-03-13,55600,REJECTED,,2026-03-17 00:00:00,2026-10-02 19:10:56
907b14db-701a-4783-a638-622f0908844d,10,2,2026-03-08,65300,REJECTED,,2026-04-16 00:00:00,2026-10-02 19:10:56
50d9df37-d4d0-40ac-bc65-d2573cdc73ef,11,2,2026-02-21,68600,REJECTED,,2026-03-08 00:00:00,2026-10-02 19:10:56
678b37b0-9ab2-40d6-bd7d-eeac1809971b,12,2,2026-02-05,74300,REJECTED,,2026-02-10 00:00:00,2026-10-02 19:10:56
9b437a4d-77f1-4473-a21f-088f7566821c,13,2,2026-02-19,66300,REJECTED,,2026-03-08 00:00:00,2026-10-02 19:10:56
ab3949f3-4242-481e-be52-a3404fe49b29,14,2,2026-01-31,74800,REJECTED,,2026-02-05 00:00:00,2026-10-02 19:10:56
673455c3-df0a-4f23-9a16-17b52849ef62,15,2,2026-01-29,67600,REJECTED,,2026-02-18 00:00:00,2026-10-02 19:10:56
7ede4eeb-d9c4-4121-a0cd-23cfef321f4a,16,2,2026-01-21,87100,REJECTED,,2026-02-16 00:00:00,2026-10-02 19:10:56
f8831f55-7ac7-4a6c-9a9a-ca87d74613e4,17,2,2026-03-14,61600,REJECTED,,2026-04-22 00:00:00,2026-10-02 19:10:56
a5a83a52-fbf5-43bd-b710-b940e5f55d7a,18,2,2026-02-15,69900,REJECTED,,2026-02-26 00:00:00,2026-10-02 19:10:56
72b2510b-acfe-4cab-acc6-394a480bc124,19,2,2026-02-19,87100,REJECTED,,2026-03-07 00:00:00,2026-10-02 19:10:56
9919df0f-e6ae-462b-923d-4ed433bd3d0b,20,2,2026-01-17,66800,REJECTED,,2026-01-21 00:00:00,2026-10-02 19:10:56
2eb90dcf-25ee-4ffe-96ba-6d278c7de0e1,21,2,2026-02-03,83300,REJECTED,,2026-03-01 00:00:00,2026-10-02 19:10:56
ed7c2827-3cf0-4e32-b461-f99e4399bb43,22,2,2026-02-14,60200,REJECTED,,2026-03-03 00:00:00,2026-10-02 19:10:56
85e639b6-e45a-4786-a461-1591f48f1e50,23,2,2026-03-03,83100,REJECTED,,2026-03-08 00:00:00,2026-10-02 19:10:56
0fc4361f-0a38-44cb-b792-20a0342145a6,24,17,2026-02-28,74400,REJECTED,,2026-03-09 00:00:00,2026-10-02 19:10:56
e6486c31-0309-4635-81a3-dab7d2edc25f,25,17,2026-03-07,78800,OFFERED,,2026-03-14 00:00:00,2026-10-02 19:10:56
0123ba1f-d114-4ec6-9686-bbf76c1c609b,26,17,2026-02-06,69600,REJECTED,,2026-02-22 00:00:00,2026-10-02 19:10:56
4dadc532-bd47-4b11-80f0-5a760554a481,27,17,2026-02-28,56300,REJECTED,,2026-03-10 00:00:00,2026-10-02 19:10:56
2ef6f0d5-c356-4e70-a1ea-873a54e09369,28,17,2026-03-29,76800,REJECTED,,2026-04-12 00:00:00,2026-10-02 19:10:56
ea0af1d8-2bcd-4b7e-a71c-1600e089680a,29,17,2026-03-26,63500,REJECTED,,2026-04-27 00:00:00,2026-10-02 19:10:56
3b9a2e63-326f-4a20-8e4e-574a289c0a63,30,17,2026-04-01,51300,REJECTED,,2026-05-05 00:00:00,2026-10-02 19:10:56
61e87409-2913-4754-8af3-85dd58ddea05,31,17,2026-02-08,55200,REJECTED,,2026-02-14 00:00:00,2026-10-02 19:10:56
305236f2-b3d3-4806-aecd-ef523199280d,32,17,2026-03-20,82600,REJECTED,,2026-04-18 00:00:00,2026-10-02 19:10:56
dcfaf27c-47c8-495e-9642-d62cf929deb0,33,17,2026-02-19,58300,REJECTED,,2026-03-16 00:00:00,2026-10-02 19:10:56
8a3cc478-64a9-44f5-84fe-6622f4fa7743,34,17,2026-02-27,59600,REJECTED,,2026-03-24 00:00:00,2026-10-02 19:10:56
71eb4f11-0674-47cc-ad58-828178853b6e,35,17,2026-03-18,55900,REJECTED,,2026-03-24 00:00:00,2026-10-02 19:10:56
92248f93-406a-4ddf-8323-8b5b701b09d8,36,17,2026-03-04,54300,REJECTED,,2026-03-12 00:00:00,2026-10-02 19:10:56
1e656744-05dc-4246-8478-aabfa09c2442,37,17,2026-02-28,62600,REJECTED,,2026-03-28 00:00:00,2026-10-02 19:10:56
ca4eb36f-f023-4b43-9b1d-f3719dccfbef,38,17,2026-03-19,82800,REJECTED,,2026-03-28 00:00:00,2026-10-02 19:10:56
3f687715-a037-4504-9fec-06325482378b,39,17,2026-02-20,68700,REJECTED,,2026-03-02 00:00:00,2026-10-02 19:10:56
13796a7c-990f-4123-be30-5f331d6220a6,40,17,2026-03-22,57700,REJECTED,,2026-04-05 00:00:00,2026-10-02 19:10:56
218cc470-507d-4575-84fb-b5a85c7f9d15,41,17,2026-03-29,80800,REJECTED,,2026-04-13 00:00:00,2026-10-02 19:10:56
35018b58-80df-4d6f-8a0a-4fcb9a30caad,42,17,2026-03-07,60800,REJECTED,,2026-03-17 00:00:00,2026-10-02 19:10:56
8d7477f3-1c3f-4b48-ad15-a212d49778b1,43,17,2026-03-07,55300,REJECTED,,2026-03-10 00:00:00,2026-10-02 19:10:56
f7b0f94b-130c-48fe-95e3-71078f330e1a,44,17,2026-03-21,74400,REJECTED,,2026-04-14 00:00:00,2026-10-02 19:10:56
6f6801c6-a54c-4be4-9ae9-9c5b4f77a02b,45,17,2026-02-10,52500,REJECTED,,2026-02-21 00:00:00,2026-10-02 19:10:56
d95e4212-d886-4f93-b801-078ec86b0aed,46,19,2026-03-31,42600,OFFERED,,2026-05-07 00:00:00,2026-10-02 19:10:56
b4afd1e4-c457-4792-922a-22d89ad1e225,47,19,2026-04-14,41200,REJECTED,,2026-05-11 00:00:00,2026-10-02 19:10:56
13f7f33f-2ea9-44e0-a783-67119ac8e39e,48,19,2026-04-05,39000,REJECTED,,2026-04-20 00:00:00,2026-10-02 19:10:56
68c7e13c-64a3-4b6d-b44d-029520a721d2,49,19,2026-03-10,43700,REJECTED,,2026-04-01 00:00:00,2026-10-02 19:10:56
66865062-98d0-44fc-adfd-2a684e633916,50,19,2026-03-27,33300,REJECTED,,2026-04-01 00:00:00,2026-10-02 19:10:56
60695e89-a7f7-4b64-9a1a-a17754b6786b,51,19,2026-03-21,39300,REJECTED,,2026-04-12 00:00:00,2026-10-02 19:10:56
05581b60-4277-4d33-8947-348fa9c12a67,52,19,2026-04-06,36400,REJECTED,,2026-05-15 00:00:00,2026-10-02 19:10:56
7be4c1a1-4302-4516-907f-46e7cdb2a72e,53,19,2026-02-22,37100,REJECTED,,2026-02-27 00:00:00,2026-10-02 19:10:56
6b3f6940-4b3d-41d8-9e32-c7adea9ef7fb,54,19,2026-03-22,36500,REJECTED,,2026-04-02 00:00:00,2026-10-02 19:10:56
8075308d-dc5e-434b-8364-2098d71dc11f,55,19,2026-04-12,31900,REJECTED,,2026-05-08 00:00:00,2026-10-02 19:10:56
c207c23f-1621-4e18-baa6-561f1df7911c,56,19,2026-04-08,32300,REJECTED,,2026-05-06 00:00:00,2026-10-02 19:10:56
cb68635b-3ca4-4b91-ae2e-aee1aee64b98,57,19,2026-02-18,40900,REJECTED,,2026-03-30 00:00:00,2026-10-02 19:10:56
61abfea5-2ae2-4a6d-8eed-18ffcf9c15e0,58,19,2026-03-18,33500,REJECTED,,2026-03-26 00:00:00,2026-10-02 19:10:56
e5e9bfb6-73ec-4add-9a4b-ee67488df47e,59,19,2026-03-24,43900,REJECTED,,2026-04-03 00:00:00,2026-10-02 19:10:56
ea365007-16b9-4ca1-bc1c-b117bd17d869,60,18,2026-04-11,233100,OFFERED,,2026-05-09 00:00:00,2026-10-02 19:10:56
25767c39-10d6-47d3-919e-926e74bd319e,61,18,2026-04-27,220500,REJECTED,,2026-05-26 00:00:00,2026-10-02 19:10:56
8f7b3750-6aee-45f6-9e3c-c71cb57a3ecb,62,18,2026-03-23,229000,REJECTED,,2026-03-26 00:00:00,2026-10-02 19:10:56
7a7d40a9-1495-4034-88a4-079121ee2777,63,18,2026-04-05,237400,REJECTED,,2026-04-09 00:00:00,2026-10-02 19:10:56
9fcc1d41-d3d6-4fe5-bdc7-5e7c1e59e4f3,64,18,2026-04-14,256000,REJECTED,,2026-04-20 00:00:00,2026-10-02 19:10:56
d5ea31af-0f00-454b-b3d3-826651d0b89e,65,18,2026-03-23,241800,REJECTED,,2026-04-13 00:00:00,2026-10-02 19:10:56
c4233f16-911f-404a-8489-44b4bcb64966,66,18,2026-02-27,211300,REJECTED,,2026-03-10 00:00:00,2026-10-02 19:10:56
740fd854-4331-4f0e-aca9-f9cc70c5c231,67,18,2026-03-23,239700,REJECTED,,2026-04-06 00:00:00,2026-10-02 19:10:56
837f7bcb-2039-41db-9797-73a6825066ba,68,18,2026-03-04,250800,REJECTED,,2026-03-21 00:00:00,2026-10-02 19:10:56
44dba703-2167-4d5d-bcd0-05b2caf9f943,69,18,2026-03-07,223200,REJECTED,,2026-04-01 00:00:00,2026-10-02 19:10:56
44333a7e-dc84-46fe-bbed-94dbbe6fbf76,70,18,2026-03-17,216600,REJECTED,,2026-03-20 00:00:00,2026-10-02 19:10:56
d5d3fe83-8b7a-45fb-a539-b6815df81b22,71,18,2026-04-07,228700,REJECTED,,2026-04-24 00:00:00,2026-10-02 19:10:56
f7f86641-4bbd-414c-a066-2587599be96b,72,18,2026-02-27,228700,REJECTED,,2026-03-11 00:00:00,2026-10-02 19:10:56
99b56a13-277f-492c-9bb1-4155c713df06,73,18,2026-03-30,240500,REJECTED,,2026-05-02 00:00:00,2026-10-02 19:10:56
a2788c5b-b49f-4c73-bc6d-1253232c3ba4,74,18,2026-03-26,224400,REJECTED,,2026-04-04 00:00:00,2026-10-02 19:10:56
dd5021aa-db9b-42d3-9942-a942b2e4c145,75,18,2026-04-18,208100,REJECTED,,2026-04-29 00:00:00,2026-10-02 19:10:56
ff1e7f6c-a1e2-4e81-ab89-b04baea46777,76,18,2026-04-15,225000,REJECTED,,2026-05-11 00:00:00,2026-10-02 19:10:56
f500cb57-dd05-4440-91f5-a96e3fdd7a8f,77,18,2026-03-27,209700,REJECTED,,2026-04-28 00:00:00,2026-10-02 19:10:56
91de2fb0-d1aa-487f-bff9-e1f8513e77b2,78,18,2026-03-26,220500,REJECTED,,2026-04-25 00:00:00,2026-10-02 19:10:56
36240b02-b6f9-45b6-94fa-7edcf4650f99,79,14,2026-04-30,32000,OFFERED,,2026-05-12 00:00:00,2026-10-02 19:10:56
f2bd59ba-e24e-4e2f-9a14-06a54114192f,80,14,2026-04-12,43300,REJECTED,,2026-05-01 00:00:00,2026-10-02 19:10:56
7ad6c921-df7f-43b9-8cd7-630c561d2dfb,81,14,2026-03-18,43100,REJECTED,,2026-04-15 00:00:00,2026-10-02 19:10:56
aaee4aef-5f89-4a89-86e6-be95b6f77b67,82,14,2026-04-18,29400,REJECTED,,2026-05-08 00:00:00,2026-10-02 19:10:56
998caa35-21ed-40c8-bbd2-425614f043e0,83,14,2026-04-24,34000,REJECTED,,2026-05-26 00:00:00,2026-10-02 19:10:56
f700122e-af33-4aaa-9ade-7d8287c2ed04,84,14,2026-04-08,36700,REJECTED,,2026-04-30 00:00:00,2026-10-02 19:10:56
380ad34e-ba6a-4f69-89a1-cb80b33a1ab9,85,14,2026-05-01,41000,REJECTED,,2026-05-29 00:00:00,2026-10-02 19:10:56
a40f51ea-2de4-4dd2-96eb-bfc5ee381775,86,14,2026-04-25,43700,REJECTED,,2026-05-15 00:00:00,2026-10-02 19:10:56
a3de1825-2ac9-46fa-97d8-c1bcf95264fe,87,14,2026-04-03,39100,REJECTED,,2026-04-10 00:00:00,2026-10-02 19:10:56
862eacec-d726-4a86-b978-42ea23adccfb,88,14,2026-04-14,30100,REJECTED,,2026-05-20 00:00:00,2026-10-02 19:10:56
252c0b98-21ea-408e-9d30-b3d6c43609b9,89,14,2026-03-31,32600,REJECTED,,2026-04-06 00:00:00,2026-10-02 19:10:56
7445d28b-b5bf-44da-a19b-3595a37d996c,90,14,2026-05-01,39200,REJECTED,,2026-05-10 00:00:00,2026-10-02 19:10:56
48ac6362-b82c-40a2-9ed3-29fc5377b70f,91,14,2026-05-09,33200,REJECTED,,2026-05-16 00:00:00,2026-10-02 19:10:56
add44b19-1224-4f1e-9bfa-949226680bc8,92,14,2026-04-26,45000,REJECTED,,2026-05-16 00:00:00,2026-10-02 19:10:56
5176a8d5-f1d9-407a-91d9-a439064b7718,93,14,2026-05-11,36000,REJECTED,,2026-06-03 00:00:00,2026-10-02 19:10:56
f440f70c-fac9-4f75-b0a3-3639ed89d94a,94,29,2026-04-23,172300,REJECTED,,2026-05-25 00:00:00,2026-10-02 19:10:56
2ee6fbf9-1678-4d7c-8d97-acc8bbace0a4,95,29,2026-04-16,154600,REJECTED,,2026-05-14 00:00:00,2026-10-02 19:10:56
07fbc288-b635-46e6-8291-75b798f9a9e9,96,29,2026-05-05,172000,OFFERED,,2026-06-01 00:00:00,2026-10-02 19:10:56
9f8c2d9c-be1e-492c-8fde-a505dcb2a924,97,29,2026-04-14,173200,REJECTED,,2026-05-15 00:00:00,2026-10-02 19:10:56
599d5d45-6015-457c-920a-f54b7b2b9c61,98,29,2026-05-15,166900,REJECTED,,2026-06-24 00:00:00,2026-10-02 19:10:56
1e353365-7755-47c8-9792-f13873be18ee,99,29,2026-05-02,151700,REJECTED,,2026-06-09 00:00:00,2026-10-02 19:10:56
1529f4c7-5860-46c2-a888-f2f6e26401f1,100,29,2026-03-28,174900,REJECTED,,2026-05-06 00:00:00,2026-10-02 19:10:56
7879f605-1155-4c31-89a3-4120875bb784,101,29,2026-05-14,163300,REJECTED,,2026-05-18 00:00:00,2026-10-02 19:10:56
722ff35b-08ef-4f73-8410-165da8913efc,102,29,2026-04-11,171500,REJECTED,,2026-05-03 00:00:00,2026-10-02 19:10:56
f20f054b-1970-480c-bc5c-c756442157e7,103,29,2026-04-12,161000,REJECTED,,2026-04-19 00:00:00,2026-10-02 19:10:56
4403812e-07c6-4e17-ad7a-2df61221a051,104,29,2026-04-15,156200,REJECTED,,2026-05-07 00:00:00,2026-10-02 19:10:56
d6fa51f3-e6c8-4938-93ea-4ebfa685ea8b,105,29,2026-05-07,161400,REJECTED,,2026-06-16 00:00:00,2026-10-02 19:10:56
9eb02bd5-58b0-4076-af4e-bcb4b60c1e54,106,29,2026-05-17,173000,REJECTED,,2026-06-04 00:00:00,2026-10-02 19:10:56
fa7587c5-5119-4a73-9aba-d022c143892d,107,29,2026-05-13,152200,REJECTED,,2026-05-21 00:00:00,2026-10-02 19:10:56
41344e49-9930-4e52-b529-1ffae31601ff,108,29,2026-05-07,175800,REJECTED,,2026-05-20 00:00:00,2026-10-02 19:10:56
b2b7ee07-b14d-401d-92ad-578484219ed0,109,29,2026-05-12,163900,REJECTED,,2026-06-17 00:00:00,2026-10-02 19:10:56
35b44b30-7d89-451f-8766-3cc487f77d09,110,29,2026-05-01,158800,REJECTED,,2026-05-16 00:00:00,2026-10-02 19:10:56
dc0f71a7-4cea-4f45-83af-2c3ad201b8e7,111,27,2026-05-03,69300,OFFERED,,2026-05-31 00:00:00,2026-10-02 19:10:56
a30a9479-c8c4-40c6-a563-b58d454bcae2,112,27,2026-05-10,75200,REJECTED,,2026-05-23 00:00:00,2026-10-02 19:10:56
95795e5b-c9ac-4a56-9e0d-685135e87329,113,27,2026-04-01,71400,REJECTED,,2026-04-17 00:00:00,2026-10-02 19:10:56
16cc32c3-d647-42f2-8225-1fa3ab65b974,114,27,2026-04-20,65400,REJECTED,,2026-05-24 00:00:00,2026-10-02 19:10:56
2679d418-5dfd-40f0-849d-fcbaaad49b17,115,27,2026-04-18,69200,REJECTED,,2026-05-02 00:00:00,2026-10-02 19:10:56
f38042f1-8410-49c3-858b-fa9cce7f0f9a,116,27,2026-05-04,76800,REJECTED,,2026-05-18 00:00:00,2026-10-02 19:10:56
1781034b-f492-48c8-be3d-65a88d1b8ca1,117,27,2026-05-14,58300,REJECTED,,2026-06-16 00:00:00,2026-10-02 19:10:56
f818a4ca-eb32-4a8f-9816-7c422e5b3ba0,118,27,2026-04-20,58000,REJECTED,,2026-05-22 00:00:00,2026-10-02 19:10:56
6c6eae46-ef68-4dc3-9421-cc12ecf3ecf8,119,27,2026-03-24,55000,REJECTED,,2026-04-18 00:00:00,2026-10-02 19:10:56
9d9a83b1-4ff2-45b9-b0a8-0f9f911570cb,120,27,2026-04-08,62200,REJECTED,,2026-05-12 00:00:00,2026-10-02 19:10:56
c6c3d6f1-5928-4680-ad98-cb72a6a42640,121,27,2026-05-02,66100,REJECTED,,2026-05-31 00:00:00,2026-10-02 19:10:56
55144c72-ff6d-4d5c-8a1d-ddc2d8cc129f,122,27,2026-03-24,62700,REJECTED,,2026-04-23 00:00:00,2026-10-02 19:10:56
82cd4e15-e56b-4e90-91e5-c0607b6ecf3d,123,27,2026-05-09,80700,REJECTED,,2026-06-08 00:00:00,2026-10-02 19:10:56
e7fafd6c-0499-410c-82fc-cbdfaab9b7f8,124,27,2026-05-16,74200,REJECTED,,2026-06-04 00:00:00,2026-10-02 19:10:56
d6d1c283-b27b-4344-84c1-87ece60aa46c,125,27,2026-05-15,64400,REJECTED,,2026-06-13 00:00:00,2026-10-02 19:10:56
df6017ae-3667-4e95-9973-f936f1d16880,126,27,2026-05-10,58700,REJECTED,,2026-06-10 00:00:00,2026-10-02 19:10:56
4ba53235-67b9-459b-a90b-8564a77564b7,127,27,2026-05-03,83800,REJECTED,,2026-05-23 00:00:00,2026-10-02 19:10:56
8e52a068-4c5e-4b6f-bec4-91e945af4818,128,27,2026-04-04,53400,REJECTED,,2026-05-04 00:00:00,2026-10-02 19:10:56
a8ad50f6-1a73-41a0-a116-fb9f5d2caf16,129,27,2026-04-24,67000,REJECTED,,2026-05-10 00:00:00,2026-10-02 19:10:56
9b09e9ff-4b25-4ada-ab67-23e578cadc49,130,27,2026-04-03,82200,REJECTED,,2026-05-12 00:00:00,2026-10-02 19:10:56
a1cdc119-f2fd-4edd-a84e-732d8a1847a4,131,27,2026-05-12,53000,REJECTED,,2026-05-27 00:00:00,2026-10-02 19:10:56
d82bbecf-8bf5-488e-9b77-af13068a7332,132,27,2026-03-29,74300,REJECTED,,2026-05-06 00:00:00,2026-10-02 19:10:56
1e5c698e-e1ba-42cb-835d-48e7b55c0af7,133,27,2026-03-30,76600,REJECTED,,2026-04-11 00:00:00,2026-10-02 19:10:56
e4fa7d51-9cca-4278-9ca7-653ede602f89,134,11,2026-04-23,42300,OFFERED,,2026-05-01 00:00:00,2026-10-02 19:10:56
4e5a84fe-f273-4f65-b56b-9d2df87ab9b0,135,11,2026-04-18,38200,REJECTED,,2026-05-09 00:00:00,2026-10-02 19:10:56
20641a4a-87d5-4b2d-88aa-207765084ee5,136,11,2026-05-21,26900,REJECTED,,2026-06-15 00:00:00,2026-10-02 19:10:56
8afbee79-4a3f-4674-9251-0995caf374aa,137,11,2026-05-01,42500,REJECTED,,2026-06-02 00:00:00,2026-10-02 19:10:56
14c99af9-6ab0-4aea-990f-2090b0d4c079,138,11,2026-05-31,31100,REJECTED,,2026-06-26 00:00:00,2026-10-02 19:10:56
784670e5-4a86-4fc0-813f-4696c82f6380,139,11,2026-05-14,39900,REJECTED,,2026-06-13 00:00:00,2026-10-02 19:10:56
aa8f73b3-8d08-4ad7-9811-0396fedb0877,140,11,2026-04-18,27700,REJECTED,,2026-05-25 00:00:00,2026-10-02 19:10:56
96ca606b-77d6-44fc-ad87-588befd7b61b,141,11,2026-05-15,43800,REJECTED,,2026-06-21 00:00:00,2026-10-02 19:10:56
b52dcf00-4cbd-485c-9681-cdf34c227cb9,142,11,2026-04-26,40200,REJECTED,,2026-05-10 00:00:00,2026-10-02 19:10:56
bc153c25-196d-4351-8120-e2f81af0155e,143,11,2026-04-13,30100,REJECTED,,2026-04-26 00:00:00,2026-10-02 19:10:56
2fdcbd01-ce36-472f-b66a-e3e5b39ad5dc,144,11,2026-04-27,26300,REJECTED,,2026-05-24 00:00:00,2026-10-02 19:10:56
99b6f315-dbca-4e26-b08f-2f202ddae494,145,11,2026-05-08,39100,REJECTED,,2026-05-14 00:00:00,2026-10-02 19:10:56
76a18d3e-ee24-4bea-8038-bea72b6ba9d5,146,11,2026-05-21,25900,REJECTED,,2026-06-29 00:00:00,2026-10-02 19:10:56
db4955ee-50be-4c31-8118-a7099e0ef8d8,147,11,2026-05-06,26800,REJECTED,,2026-05-09 00:00:00,2026-10-02 19:10:56
76ae83f0-6ca7-4236-8212-63bcacefd04e,148,11,2026-05-23,44700,REJECTED,,2026-05-26 00:00:00,2026-10-02 19:10:56
ccc84a71-323c-433a-bb09-661dd4e1fdbe,149,11,2026-04-18,39700,REJECTED,,2026-05-09 00:00:00,2026-10-02 19:10:56
5488f0bc-4299-4c79-a092-5f752efd190e,150,11,2026-06-02,46100,REJECTED,,2026-06-20 00:00:00,2026-10-02 19:10:56
f9186664-8088-4b67-95a8-d7e0bc6ca462,151,11,2026-04-13,44900,REJECTED,,2026-05-04 00:00:00,2026-10-02 19:10:56
3268612a-adcb-48c2-9dac-60aa8997c642,152,11,2026-05-13,45100,REJECTED,,2026-06-09 00:00:00,2026-10-02 19:10:56
ff0e37b7-7374-4d67-9786-202df42f87d7,153,11,2026-04-11,43700,REJECTED,,2026-05-02 00:00:00,2026-10-02 19:10:56
741d7d5d-1975-42f7-9071-1294878ed23c,154,36,2026-06-02,67500,REJECTED,,2026-07-11 00:00:00,2026-10-02 19:10:56
8c681245-98f9-4957-bfeb-74b898c26210,155,36,2026-06-14,74500,REJECTED,,2026-07-23 00:00:00,2026-10-02 19:10:56
2334efed-3213-4bb1-8304-22be6afc7e59,156,36,2026-05-12,57600,REJECTED,,2026-06-16 00:00:00,2026-10-02 19:10:56
1f8e0fcf-ed3b-454b-b620-025398d60e93,157,36,2026-05-22,80700,REJECTED,,2026-06-29 00:00:00,2026-10-02 19:10:56
c8cf0cf4-5c79-4ead-96ce-8c389faed2c3,158,36,2026-05-29,83700,OFFERED,,2026-06-30 00:00:00,2026-10-02 19:10:56
f08bbc74-c2a4-4353-bb34-e30c85a7515c,159,36,2026-04-27,71000,REJECTED,,2026-05-29 00:00:00,2026-10-02 19:10:56
2fc1b555-d575-4875-8d8d-afc2af1040ed,160,36,2026-05-25,79500,REJECTED,,2026-06-21 00:00:00,2026-10-02 19:10:56
b8ecd450-dcd4-4cac-946d-b0226ce0e60c,161,36,2026-05-28,71500,REJECTED,,2026-06-28 00:00:00,2026-10-02 19:10:56
99e6138d-510e-4a53-84b8-ca2fa47c6465,162,36,2026-05-02,81600,REJECTED,,2026-05-27 00:00:00,2026-10-02 19:10:56
c66a44fd-06f1-4d29-942f-af8413d0a3dd,163,36,2026-04-19,75900,REJECTED,,2026-04-22 00:00:00,2026-10-02 19:10:56
06f33205-9b2a-401c-b5d8-f3bb66073a90,164,36,2026-05-19,80100,REJECTED,,2026-06-12 00:00:00,2026-10-02 19:10:56
a43ae086-22b0-4884-a990-03897ca475b7,165,36,2026-06-05,69200,REJECTED,,2026-06-15 00:00:00,2026-10-02 19:10:56
31d69716-93c2-4843-a29e-53e80694518c,166,36,2026-05-01,73900,REJECTED,,2026-05-08 00:00:00,2026-10-02 19:10:56
1b7543b0-0e1c-43b9-8e1d-88bcce928899,167,36,2026-05-07,72600,REJECTED,,2026-06-08 00:00:00,2026-10-02 19:10:56
4df64cf4-a788-42aa-972a-e48f7dbfcfac,168,36,2026-05-02,62900,REJECTED,,2026-05-26 00:00:00,2026-10-02 19:10:56
64d8cdee-ef92-4b86-81a6-8f633a2b7d56,169,36,2026-06-08,82300,REJECTED,,2026-07-05 00:00:00,2026-10-02 19:10:56
ce5dfdd3-23e4-4d5d-a282-4f28374470de,170,36,2026-05-15,51700,REJECTED,,2026-06-14 00:00:00,2026-10-02 19:10:56
468540b7-fe7d-4dc2-9cc2-3f07efdf18be,171,8,2026-04-24,34100,REJECTED,,2026-05-03 00:00:00,2026-10-02 19:10:56
b35ecd54-2a40-4845-a946-a8bc9b7efb8e,172,8,2026-05-18,40000,OFFERED,,2026-05-23 00:00:00,2026-10-02 19:10:56
f9dc86c7-2294-445d-95fc-6967bc176d5d,173,8,2026-05-23,34100,REJECTED,,2026-06-05 00:00:00,2026-10-02 19:10:56
d4ed0be5-5b0b-4b16-940f-a12d5e1b7641,174,8,2026-06-14,29100,REJECTED,,2026-07-20 00:00:00,2026-10-02 19:10:56
9a4135ef-21a4-4b97-85bc-80f350be9eca,175,8,2026-05-24,37300,REJECTED,,2026-05-27 00:00:00,2026-10-02 19:10:56
01cbb8fa-d40a-4db5-bcfe-dadb8a5146b4,176,8,2026-06-12,26400,REJECTED,,2026-07-01 00:00:00,2026-10-02 19:10:56
a3148cb5-84e9-49d3-9dc5-b890dc1c2c04,177,8,2026-06-08,30200,REJECTED,,2026-06-22 00:00:00,2026-10-02 19:10:56
38bca5c2-4478-4d2a-b041-c67be47b0c02,178,8,2026-05-10,41800,REJECTED,,2026-05-22 00:00:00,2026-10-02 19:10:56
82bf3930-88e7-453e-8f97-ca1f6716e896,179,8,2026-06-01,35500,REJECTED,,2026-06-15 00:00:00,2026-10-02 19:10:56
d779bc31-2f03-4a65-aa2c-29c3d64aae19,180,8,2026-06-01,45200,REJECTED,,2026-06-14 00:00:00,2026-10-02 19:10:56
48ae2f84-6307-4d5c-b4e8-02c6a58ccf58,181,8,2026-04-24,34100,REJECTED,,2026-05-26 00:00:00,2026-10-02 19:10:56
35d1564c-4b77-4285-84dc-a7871052eea0,182,8,2026-06-13,31800,REJECTED,,2026-07-13 00:00:00,2026-10-02 19:10:56
eda10d6c-16c1-4856-bebd-15c37b09a7ce,183,8,2026-05-31,34200,REJECTED,,2026-06-06 00:00:00,2026-10-02 19:10:56
7708c930-9f11-4462-adae-171f97d37203,184,8,2026-05-03,32500,REJECTED,,2026-05-27 00:00:00,2026-10-02 19:10:56
fcdef48b-8787-4d0d-b80c-5f3c3cf11fcd,185,8,2026-05-14,40200,REJECTED,,2026-06-01 00:00:00,2026-10-02 19:10:56
d748c8fe-edc8-4d1c-9f9b-1f93deb6333c,186,8,2026-05-04,44000,REJECTED,,2026-06-10 00:00:00,2026-10-02 19:10:56
868549ee-893a-4366-837c-e670f00570c6,187,8,2026-06-11,38400,REJECTED,,2026-07-05 00:00:00,2026-10-02 19:10:56
6118248e-0128-4611-a490-ff0a98601eab,188,8,2026-05-26,33000,REJECTED,,2026-06-18 00:00:00,2026-10-02 19:10:56
081ed2a1-42cc-4315-a5b4-a88a9931e092,189,8,2026-06-01,27500,REJECTED,,2026-07-02 00:00:00,2026-10-02 19:10:56
79949091-5c9e-4e95-ba0c-d15ccaaba362,190,8,2026-04-28,31200,REJECTED,,2026-06-03 00:00:00,2026-10-02 19:10:56
89a4db0c-38ba-4c41-a86d-980fb90439ad,191,13,2026-06-12,69000,OFFERED,,2026-07-10 00:00:00,2026-10-02 19:10:56
e79c70b0-83bf-406a-8f24-2a729caa00b3,192,13,2026-05-31,68100,REJECTED,,2026-06-17 00:00:00,2026-10-02 19:10:56
6504b8cf-8234-49ae-bd60-5d3a782f8e9f,193,13,2026-06-15,64800,REJECTED,,2026-07-22 00:00:00,2026-10-02 19:10:56
916c9e36-342a-4167-964b-02c1cbda82c0,194,13,2026-05-12,73100,REJECTED,,2026-05-27 00:00:00,2026-10-02 19:10:56
9d13050b-3117-48a6-8bb6-209888155461,195,13,2026-06-27,76300,REJECTED,,2026-06-30 00:00:00,2026-10-02 19:10:56
b192e30e-78b3-467e-b3a9-4916c017c431,196,13,2026-07-02,85800,REJECTED,,2026-07-06 00:00:00,2026-10-02 19:10:56
5373309e-8adb-4ff6-b717-b48cfe6637ba,197,13,2026-06-17,66800,REJECTED,,2026-07-17 00:00:00,2026-10-02 19:10:56
ca6e3ed2-f574-45db-8a87-8a16a5e7dd88,198,13,2026-06-28,66400,REJECTED,,2026-07-27 00:00:00,2026-10-02 19:10:56
51d53a9a-b063-44ee-a1ec-4a82034f596d,199,13,2026-05-20,66500,REJECTED,,2026-05-24 00:00:00,2026-10-02 19:10:56
6fba3020-546b-479f-8d28-703b32df56f7,200,13,2026-06-02,72500,REJECTED,,2026-07-04 00:00:00,2026-10-02 19:10:56
ce220e61-51c2-4d34-8c44-55b920642289,201,13,2026-06-15,85500,REJECTED,,2026-07-13 00:00:00,2026-10-02 19:10:56
508eb878-2a4f-46fa-83f5-28c69e42b7ed,202,13,2026-07-03,81800,REJECTED,,2026-07-29 00:00:00,2026-10-02 19:10:56
5ae6ee2c-5a2d-47a3-9a72-38e263074744,203,13,2026-06-19,64500,REJECTED,,2026-07-21 00:00:00,2026-10-02 19:10:56
5861d262-56b8-4f9f-a315-fc792537e495,204,13,2026-05-09,88300,REJECTED,,2026-06-16 00:00:00,2026-10-02 19:10:56
d262f857-572e-4710-b516-918bb128e6a9,205,9,2026-05-15,48700,OFFERED,,2026-06-18 00:00:00,2026-10-02 19:10:56
963cd9d1-2b57-4a78-a274-4db789de1f0f,206,9,2026-06-04,70100,REJECTED,,2026-06-24 00:00:00,2026-10-02 19:10:56
c5a96cf5-dde0-4bcf-b11d-6adaa2b84d8a,207,9,2026-05-16,37600,REJECTED,,2026-06-11 00:00:00,2026-10-02 19:10:56
89b29532-28ad-43d7-8674-b06ba3e78210,208,9,2026-06-02,49700,REJECTED,,2026-07-04 00:00:00,2026-10-02 19:10:56
f69fcc57-3a63-482d-bd5c-60a2222dea40,209,9,2026-07-08,65800,REJECTED,,2026-07-21 00:00:00,2026-10-02 19:10:56
f800faa9-4bd4-4991-80ec-1ad3e882b4f0,210,9,2026-06-22,39500,REJECTED,,2026-07-31 00:00:00,2026-10-02 19:10:56
59e9847a-21c1-4a24-85df-a11f02014772,211,9,2026-05-25,46900,REJECTED,,2026-06-11 00:00:00,2026-10-02 19:10:56
7dfcebd1-e5b0-44dc-9ab0-545d05333978,212,9,2026-06-22,67000,REJECTED,,2026-07-29 00:00:00,2026-10-02 19:10:56
eb24bcae-b174-4771-950c-af0b6c78f957,213,9,2026-06-13,38800,REJECTED,,2026-07-20 00:00:00,2026-10-02 19:10:56
6c0f72af-ccf9-4266-bd08-e33ded70303e,214,9,2026-07-08,56200,REJECTED,,2026-07-12 00:00:00,2026-10-02 19:10:56
15f31122-ede7-4ef8-9c9b-e27ca8ce9617,215,9,2026-07-08,41200,REJECTED,,2026-07-17 00:00:00,2026-10-02 19:10:56
502f0329-ab8e-40f4-8caa-c99a5c8cd1e4,216,9,2026-06-04,61600,REJECTED,,2026-06-16 00:00:00,2026-10-02 19:10:56
3c64ed40-54a5-4b13-bd23-a98732e5aad6,217,9,2026-06-27,64200,REJECTED,,2026-07-25 00:00:00,2026-10-02 19:10:56
ed1c6a9e-d62f-4844-97b5-3919ff7605e7,218,9,2026-06-22,63500,REJECTED,,2026-06-27 00:00:00,2026-10-02 19:10:56
beb693be-2d44-460d-b71b-66a60667ab54,219,9,2026-06-25,48000,REJECTED,,2026-07-16 00:00:00,2026-10-02 19:10:56
400c35c9-64cc-49f9-8f95-823ab3104d60,220,9,2026-06-27,64700,REJECTED,,2026-07-23 00:00:00,2026-10-02 19:10:56
40367dcb-826b-4e18-9382-e608fca1dec8,221,9,2026-05-25,64900,REJECTED,,2026-05-31 00:00:00,2026-10-02 19:10:56
fc3e8ee1-cf30-4d8e-a6b9-5560cc87f0bd,222,9,2026-05-30,58500,REJECTED,,2026-06-23 00:00:00,2026-10-02 19:10:56
e815950b-8aa5-4291-a989-36cdb726b2ba,223,9,2026-05-19,61600,REJECTED,,2026-06-24 00:00:00,2026-10-02 19:10:56
73f1ad37-98c1-4bce-99c3-259420d0773a,224,31,2026-07-07,91200,OFFERED,,2026-07-29 00:00:00,2026-10-02 19:10:56
5233e603-f303-485c-8390-db8101c67c69,225,31,2026-06-02,107800,REJECTED,,2026-06-15 00:00:00,2026-10-02 19:10:56
89524fd3-2464-451c-a34a-4cfbac04418f,226,31,2026-07-03,123900,REJECTED,,2026-07-12 00:00:00,2026-10-02 19:10:56
79c3b971-ba8a-40aa-8dfd-361d6a5ae79a,227,31,2026-06-17,90400,REJECTED,,2026-07-19 00:00:00,2026-10-02 19:10:56
f0832527-cc58-424b-a322-00d20777ebea,228,31,2026-06-03,120700,REJECTED,,2026-07-11 00:00:00,2026-10-02 19:10:56
6b3456c2-75e5-417c-908d-b0c8142bf22e,229,31,2026-07-15,102300,REJECTED,,2026-07-26 00:00:00,2026-10-02 19:10:56
54953c50-b537-4d4c-b746-82b774017450,230,31,2026-06-27,96700,REJECTED,,2026-07-14 00:00:00,2026-10-02 19:10:56
dd8fa8be-e223-431f-8c2b-5a9153fea47d,231,31,2026-07-17,101500,REJECTED,,2026-07-21 00:00:00,2026-10-02 19:10:56
c99cef92-b3c3-4a67-93bd-2abeb80d5988,232,31,2026-05-29,97400,REJECTED,,2026-06-06 00:00:00,2026-10-02 19:10:56
8fa595af-9d95-4d1d-ba29-83805ff1b625,233,31,2026-07-02,112200,REJECTED,,2026-07-24 00:00:00,2026-10-02 19:10:56
7ab25b98-50c2-497b-915d-375fbadde8d7,234,31,2026-06-06,93000,REJECTED,,2026-07-14 00:00:00,2026-10-02 19:10:56
5a7e96df-a4c3-4e5a-921a-fae705aa8e0e,235,31,2026-06-26,104700,REJECTED,,2026-07-02 00:00:00,2026-10-02 19:10:56
34d490f7-9ad7-47de-8355-bfdbd49e2712,236,31,2026-06-27,89500,REJECTED,,2026-06-30 00:00:00,2026-10-02 19:10:56
00922b59-f3ff-46f1-aa19-57c272ff24a9,237,31,2026-06-08,120400,REJECTED,,2026-07-18 00:00:00,2026-10-02 19:10:56
2928b87b-73bc-46fe-85fd-1592d213cac3,238,31,2026-07-16,103900,REJECTED,,2026-07-25 00:00:00,2026-10-02 19:10:56
ab174d46-fd0f-44fd-aa3f-b09e49f332e3,239,31,2026-05-24,112800,REJECTED,,2026-06-13 00:00:00,2026-10-02 19:10:56
b5efedc4-2067-4497-b0ec-cfa169783cd4,240,31,2026-05-23,88300,REJECTED,,2026-06-10 00:00:00,2026-10-02 19:10:56
edbaf56c-3786-496f-be1e-08e2c519d26f,241,31,2026-06-30,104300,REJECTED,,2026-08-08 00:00:00,2026-10-02 19:10:56
006caa40-187c-4380-91e3-df38875b3d89,242,31,2026-07-13,92000,REJECTED,,2026-07-22 00:00:00,2026-10-02 19:10:56
2e960b68-f1d8-4b06-a80e-7f72203a0936,243,31,2026-06-02,128300,REJECTED,,2026-07-11 00:00:00,2026-10-02 19:10:56
ad4f0d21-b291-429a-9ac0-1c885706ad1e,244,31,2026-05-27,125700,REJECTED,,2026-06-10 00:00:00,2026-10-02 19:10:56
2344c479-17cc-4cfa-8757-6257baf68e8f,245,26,2026-06-09,51300,INTERVIEWING,,2026-07-02 00:00:00,2026-10-02 19:10:56
13f5e386-60ea-45e5-9346-55ad4acaa949,246,26,2026-05-29,46000,IN REVIEW,,2026-06-11 00:00:00,2026-10-02 19:10:56
d2457f4d-c99e-4159-8c3a-c3b913a8fc53,247,26,2026-07-11,70800,APPLIED,,,2026-10-02 19:10:56
242df1de-9789-4af5-b302-c42185952f8d,248,26,2026-07-04,69700,REJECTED,,2026-08-01 00:00:00,2026-10-02 19:10:56
987fb9ca-5219-4e24-b5b3-6de2c8fdb6fd,249,26,2026-06-29,62600,REJECTED,,2026-07-06 00:00:00,2026-10-02 19:10:56
2799d77c-9756-4b0a-a667-47740f5bf33f,250,26,2026-07-08,64700,IN REVIEW,,2026-07-14 00:00:00,2026-10-02 19:10:56
3bcc6f07-bcdc-4d37-9530-0d0774faf586,251,26,2026-07-10,52000,IN REVIEW,,2026-07-22 00:00:00,2026-10-02 19:10:56
d66bc175-5c44-4b9c-85e0-f2215731741d,252,26,2026-06-22,46300,INTERVIEWING,,2026-07-14 00:00:00,2026-10-02 19:10:56
b71278f3-2711-4d58-870d-ba9142b0bce5,253,26,2026-07-14,72400,APPLIED,,,2026-10-02 19:10:56
75e7a527-f92c-4969-81b3-2ed422f361b3,254,26,2026-06-21,58700,REJECTED,,2026-06-30 00:00:00,2026-10-02 19:10:56
a51b87b9-d5f6-4100-a331-ec9a6a3eb4f1,255,26,2026-06-17,49600,APPLIED,,,2026-10-02 19:10:56
b868ec3e-5917-4f3f-b8b6-7fe4861097dc,256,26,2026-06-23,67200,IN REVIEW,,2026-07-13 00:00:00,2026-10-02 19:10:56
5a920f67-51aa-4ebb-912b-b52849b927b9,257,26,2026-06-14,56700,REJECTED,,2026-06-21 00:00:00,2026-10-02 19:10:56
daee5395-1cc8-4d68-9e34-47ebb582bd46,258,26,2026-07-10,64500,IN REVIEW,,2026-07-17 00:00:00,2026-10-02 19:10:56
3986d13c-66ae-4588-8837-0c1eabb637ae,259,26,2026-06-01,63300,IN REVIEW,,2026-06-18 00:00:00,2026-10-02 19:10:56
9d0d8992-76cd-4527-8b8a-80826326afa6,260,26,2026-07-13,56900,APPLIED,,,2026-10-02 19:10:56
3f35bd2f-b2f7-4c9a-a59f-a3e809a4cec3,261,26,2026-05-31,55300,REJECTED,,2026-06-28 00:00:00,2026-10-02 19:10:56
357c086b-4a0c-43f1-ad49-3a7f6107b63d,262,26,2026-06-14,70100,APPLIED,,,2026-10-02 19:10:56
b8f546d6-c777-4f1d-87af-f00f0d74fe7f,263,26,2026-07-02,56500,REJECTED,,2026-08-11 00:00:00,2026-10-02 19:10:56
0906a7dc-5d4d-4e5c-9ca5-407325d74b8e,264,38,2026-06-17,37100,IN REVIEW,,2026-07-19 00:00:00,2026-10-02 19:10:56
53daf131-90b5-4224-9be1-34c927784015,265,38,2026-05-28,61000,REJECTED,,2026-06-24 00:00:00,2026-10-02 19:10:56
5de801be-2c46-429b-8252-4eb0c963f531,266,38,2026-06-09,68700,REJECTED,,2026-06-21 00:00:00,2026-10-02 19:10:56
9069c931-b27b-4472-a748-dabd3cbbad8e,267,38,2026-06-07,44100,IN REVIEW,,2026-06-13 00:00:00,2026-10-02 19:10:56
6fb4548c-270e-4aa8-91cf-0da99916e3a0,268,38,2026-07-17,59300,APPLIED,,,2026-10-02 19:10:56
a9ae7fc5-0385-4551-b906-3c273af57ba7,269,38,2026-07-11,35700,APPLIED,,,2026-10-02 19:10:56
3980417d-e2c3-4af0-81c4-a852078bfb09,270,38,2026-06-21,63400,APPLIED,,,2026-10-02 19:10:56
e7b4cc3f-14f3-4d89-8104-cbd035ff22ff,271,38,2026-05-31,34500,APPLIED,,,2026-10-02 19:10:56
44fec7f8-150a-411d-afcd-e4043a8b9912,272,38,2026-06-02,54200,IN REVIEW,,2026-07-07 00:00:00,2026-10-02 19:10:56
fd41fd58-7e76-4b51-b20a-ce0d9288f479,273,38,2026-06-15,51200,REJECTED,,2026-06-21 00:00:00,2026-10-02 19:10:56
fb5168fe-c994-4f08-8c9a-275c5127a69f,274,38,2026-06-21,46300,REJECTED,,2026-06-27 00:00:00,2026-10-02 19:10:56
28b3610a-a793-456c-9444-03c9aa4d2330,275,38,2026-06-09,51300,IN REVIEW,,2026-06-25 00:00:00,2026-10-02 19:10:56
663d020b-ec05-40d8-a723-26b1349fe5be,276,38,2026-07-05,60000,APPLIED,,,2026-10-02 19:10:56
6fbfb250-b9b6-4771-b819-b8dbd8910fb4,277,38,2026-07-01,58100,APPLIED,,,2026-10-02 19:10:56
61bf264f-6cea-4e2b-ae93-3fedc2df783f,278,38,2026-06-19,53200,IN REVIEW,,2026-06-28 00:00:00,2026-10-02 19:10:56
0283eeb4-5d3b-44a6-98fc-0af507f76eec,279,38,2026-05-27,51600,REJECTED,,2026-06-23 00:00:00,2026-10-02 19:10:56
500f7a1b-2ee4-46aa-b662-d3f4297f80d4,280,38,2026-06-17,67900,REJECTED,,2026-07-23 00:00:00,2026-10-02 19:10:56
0da5910c-a17e-46f2-a047-782b034d4340,281,38,2026-06-07,58700,APPLIED,,,2026-10-02 19:10:56
99221e70-be8c-4b67-b8f4-fbf410d90da3,282,38,2026-06-13,60500,APPLIED,,,2026-10-02 19:10:56
b061e460-e888-4347-9ba1-e91e788dfff9,283,38,2026-06-22,35800,INTERVIEWING,,2026-06-25 00:00:00,2026-10-02 19:10:56
c957c87e-b7a3-4b9c-8f69-4c7ecb4745f6,284,38,2026-07-01,39000,INTERVIEWING,,2026-08-06 00:00:00,2026-10-02 19:10:56
30921c09-9bc8-455b-84c3-487ab0b1c7d5,285,38,2026-06-09,64500,IN REVIEW,,2026-07-01 00:00:00,2026-10-02 19:10:56
84d687a0-dc37-407b-baf9-3e248a35a578,286,38,2026-06-19,44600,IN REVIEW,,2026-07-12 00:00:00,2026-10-02 19:10:56
96aae645-2c6a-40d5-b460-8ef34c009634,287,15,2026-06-28,220300,INTERVIEWING,,2026-08-02 00:00:00,2026-10-02 19:10:56
0525c2b8-82e5-4f2e-b6f6-3d4843011470,288,15,2026-07-26,252300,APPLIED,,,2026-10-02 19:10:56
5b62e26c-a8c2-4d74-8468-753453424ed9,289,15,2026-06-20,225800,REJECTED,,2026-07-22 00:00:00,2026-10-02 19:10:56
053a19c7-aa60-4cae-9434-e8628c205995,290,15,2026-08-02,208500,REJECTED,,2026-08-17 00:00:00,2026-10-02 19:10:56
176da0c1-7d71-48f5-b2c3-5c79c1945c6b,291,15,2026-06-28,237700,APPLIED,,,2026-10-02 19:10:56
2bbfa253-1658-4bf7-84e1-5951c66f4b9c,292,15,2026-07-08,226500,IN REVIEW,,2026-07-24 00:00:00,2026-10-02 19:10:56
7ac92d56-dbe3-4d74-856d-9b311189640f,293,15,2026-06-09,247400,APPLIED,,,2026-10-02 19:10:56
ad724ef8-c3d3-449f-ad9f-faf8a8dcab27,294,15,2026-07-27,205000,APPLIED,,,2026-10-02 19:10:56
06547885-34c5-47b1-8ab0-0b6ef0891b62,295,15,2026-07-30,247300,REJECTED,,2026-08-26 00:00:00,2026-10-02 19:10:56
e93c4995-6991-428e-9420-023686b99aa2,296,15,2026-07-26,257100,IN REVIEW,,2026-08-18 00:00:00,2026-10-02 19:10:56
8885bbc7-b2e2-4d0e-9083-7a1a880ae56f,297,15,2026-06-10,246200,IN REVIEW,,2026-07-17 00:00:00,2026-10-02 19:10:56
76a96f46-63a1-4d1b-9562-a1874d875d42,298,15,2026-06-27,256200,INTERVIEWING,,2026-07-02 00:00:00,2026-10-02 19:10:56
64c33102-289f-431c-b61d-8fc5bb531371,299,15,2026-06-08,204300,IN REVIEW,,2026-06-13 00:00:00,2026-10-02 19:10:56
70a9515f-cf12-4199-a754-e032f50b87b5,300,15,2026-06-17,208900,IN REVIEW,,2026-06-23 00:00:00,2026-10-02 19:10:56
a7964deb-9b30-4b57-9c1c-a756e53782e5,301,15,2026-07-11,227500,REJECTED,,2026-08-13 00:00:00,2026-10-02 19:10:56
9152cf89-46d2-424d-8b21-adaeb679e6c8,302,28,2026-07-18,114500,APPLIED,,,2026-10-02 19:10:56
27fab3b5-2f53-4018-aafe-3a714f1010b8,303,28,2026-08-03,93400,APPLIED,,,2026-10-02 19:10:56
80dbba67-b8ec-40c2-bb6f-ae5ac0361a22,304,28,2026-07-27,112800,APPLIED,,,2026-10-02 19:10:56
a9460a9c-78c3-4b9f-8e45-cc99cffad798,305,28,2026-07-09,122100,APPLIED,,,2026-10-02 19:10:56
958cf8af-c88d-4a90-a436-be6e158d5cf7,306,28,2026-06-10,88700,INTERVIEWING,,2026-07-15 00:00:00,2026-10-02 19:10:56
cabffb9d-fcce-446e-a48e-ecb1401ac480,307,28,2026-07-25,106100,APPLIED,,,2026-10-02 19:10:56
3f72477f-7ac7-4f4f-a577-8e6552005717,308,28,2026-07-09,98200,REJECTED,,2026-08-01 00:00:00,2026-10-02 19:10:56
d55cc9a6-8f3c-4a5b-88f8-34b47e7ec28c,309,28,2026-06-12,97400,REJECTED,,2026-07-10 00:00:00,2026-10-02 19:10:56
94d788b2-e34c-4092-b8fe-dee04eb8dad0,310,28,2026-07-04,125200,REJECTED,,2026-07-08 00:00:00,2026-10-02 19:10:56
6c65efc5-1cda-4208-a686-cd1734c817fa,311,28,2026-06-19,134000,APPLIED,,,2026-10-02 19:10:56
242bb96d-527b-48b0-bdbd-0f2d12409f5f,312,28,2026-08-08,135000,APPLIED,,,2026-10-02 19:10:56
61b6fbac-8782-4118-b69a-4575a24e70dc,313,28,2026-07-27,128800,APPLIED,,,2026-10-02 19:10:56
63416152-e253-4ebe-b1cf-6629c555698d,314,28,2026-06-17,113000,APPLIED,,,2026-10-02 19:10:56
3724022b-e05b-4c3a-abc1-6d65974936f0,315,28,2026-07-21,114400,APPLIED,,,2026-10-02 19:10:56
85bd2fb4-a44d-4c8e-bd61-a0fc4f3c796f,316,28,2026-07-27,127000,IN REVIEW,,2026-08-21 00:00:00,2026-10-02 19:10:56
c63a299a-8019-4cd3-9467-6a237b5242fe,317,28,2026-07-01,119400,REJECTED,,2026-08-08 00:00:00,2026-10-02 19:10:56
415389e5-d0d9-4636-a1de-91ed03a67dde,318,28,2026-06-20,128700,REJECTED,,2026-06-28 00:00:00,2026-10-02 19:10:56
a4a5bdac-4f25-4f41-8cc4-8c36e6df9bce,319,28,2026-08-03,101800,REJECTED,,2026-09-11 00:00:00,2026-10-02 19:10:56
26d2adce-2989-4b8d-bdb8-baefba22908e,320,28,2026-07-12,89700,REJECTED,,2026-07-23 00:00:00,2026-10-02 19:10:56
bfbd5abd-68c9-4915-b6cc-463ecf373bb9,321,30,2026-08-13,73600,IN REVIEW,,2026-09-20 00:00:00,2026-10-02 19:10:56
95070eaf-6113-44df-b7d9-838d1ee7fc1a,322,30,2026-08-01,53400,IN REVIEW,,2026-08-09 00:00:00,2026-10-02 19:10:56
f995f35c-a90d-48fe-b72a-f66922c6cb9e,323,30,2026-06-19,77100,APPLIED,,,2026-10-02 19:10:56
eb4a8aab-0c00-4920-8d19-6e26f1849257,324,30,2026-07-03,57600,IN REVIEW,,2026-08-05 00:00:00,2026-10-02 19:10:56
bb01d4c1-85da-4532-89ce-ff2793411df0,325,30,2026-07-14,82100,APPLIED,,,2026-10-02 19:10:56
2cb7f76e-a21d-47f2-90d2-ab316d5e4e00,326,30,2026-08-02,76300,APPLIED,,,2026-10-02 19:10:56
3461bd42-12c5-45e9-a5b8-acbafa4c58d4,327,30,2026-07-07,68200,APPLIED,,,2026-10-02 19:10:56
1ca95d7a-c429-4cf9-8f44-6102cc48116d,328,30,2026-06-27,70000,IN REVIEW,,2026-07-13 00:00:00,2026-10-02 19:10:56
e8676845-1755-428c-9cc5-7a5cd5e9ed0f,329,30,2026-06-22,83100,APPLIED,,,2026-10-02 19:10:56
45519a2b-ee5f-4d46-88ca-439c9adf1c4e,330,30,2026-06-28,71000,IN REVIEW,,2026-07-17 00:00:00,2026-10-02 19:10:56
2e8bfa31-8263-4f8e-b702-72146e7f6510,331,30,2026-07-02,75400,APPLIED,,,2026-10-02 19:10:56
766ea6df-82e6-400b-a945-ca3326e66127,332,30,2026-08-02,51300,REJECTED,,2026-08-06 00:00:00,2026-10-02 19:10:56
0b6258e8-3302-47b8-ae42-1087399d27a5,333,30,2026-07-13,83700,APPLIED,,,2026-10-02 19:10:56
0225af5d-ff30-4904-9332-791cbaef3189,334,30,2026-07-11,83600,APPLIED,,,2026-10-02 19:10:56
728fafd0-eb1f-47dc-adb5-4cdd548e2ef8,335,30,2026-06-24,51000,REJECTED,,2026-07-10 00:00:00,2026-10-02 19:10:56
60b939a6-7b34-4012-9a93-6ad07070c3e1,336,30,2026-07-14,60800,IN REVIEW,,2026-07-20 00:00:00,2026-10-02 19:10:56
5597cc59-ac7e-41f3-8e4e-dc24f0da6943,337,30,2026-08-05,82500,APPLIED,,,2026-10-02 19:10:56
365cbdb0-fa1b-4056-b450-dc152164414e,338,30,2026-07-10,82500,IN REVIEW,,2026-08-11 00:00:00,2026-10-02 19:10:56
c0c60394-27ba-415d-a2de-54b8e28d55b4,339,30,2026-07-16,54500,REJECTED,,2026-08-11 00:00:00,2026-10-02 19:10:56
3e526a49-9130-4590-a188-209c126a6a6f,340,30,2026-06-23,65100,INTERVIEWING,,2026-07-12 00:00:00,2026-10-02 19:10:56
ea83c2bf-f112-48b7-ad8a-276c221a2bf7,341,30,2026-06-22,72000,INTERVIEWING,,2026-07-08 00:00:00,2026-10-02 19:10:56
2df6c39b-f77e-47fd-af9d-ef211e523502,342,30,2026-07-21,75600,IN REVIEW,,2026-08-03 00:00:00,2026-10-02 19:10:56
b78a80cd-bd52-434c-9122-a74751cd4d7c,343,30,2026-06-28,59900,IN REVIEW,,2026-07-24 00:00:00,2026-10-02 19:10:56
78427516-de8b-4cb5-b8a2-63ea2e146ec6,344,30,2026-06-30,79500,REJECTED,,2026-07-07 00:00:00,2026-10-02 19:10:56
3b622343-79ab-4aef-9f5b-779aa644d2e2,345,30,2026-07-26,55600,REJECTED,,2026-08-21 00:00:00,2026-10-02 19:10:56
a8a78728-c4d1-479a-ba1a-fc182b891f8e,346,22,2026-07-28,46400,APPLIED,,,2026-10-02 19:10:56
901e7af7-0515-4760-8744-f1d751d11bf2,347,22,2026-07-17,66500,APPLIED,,,2026-10-02 19:10:56
096d6b09-c5f5-40be-af46-2a88fb35b769,348,22,2026-06-21,48200,IN REVIEW,,2026-07-16 00:00:00,2026-10-02 19:10:56
9939e958-8c52-41ce-b9b1-315fb4bbafdc,349,22,2026-07-17,51800,REJECTED,,2026-08-25 00:00:00,2026-10-02 19:10:56
6d5c1566-55a0-4a3e-9d83-0de7ff11cc37,350,22,2026-06-22,48400,REJECTED,,2026-07-24 00:00:00,2026-10-02 19:10:56
f1b58e82-befb-481b-8cc0-207ab5e117a4,351,22,2026-07-28,56800,APPLIED,,,2026-10-02 19:10:56
39bd30b8-3130-447c-98f2-b93f83f4ccc6,352,22,2026-08-02,61500,APPLIED,,,2026-10-02 19:10:56
70cdb9bf-28e0-4ce4-ad79-f5fb78a58e38,353,22,2026-07-23,61600,APPLIED,,,2026-10-02 19:10:56
07d48f2d-208e-4f1a-a918-c7ba62324915,354,22,2026-06-21,51100,REJECTED,,2026-07-21 00:00:00,2026-10-02 19:10:56
422db593-3183-4a49-9b27-946eec3c7b4c,355,22,2026-06-18,50300,APPLIED,,,2026-10-02 19:10:56
ab99457b-42d7-4186-9aa5-c58ab9f0c4e6,356,22,2026-06-22,46700,APPLIED,,,2026-10-02 19:10:56
ff559fc9-2c50-4571-aa27-bf2dbacc728f,357,22,2026-07-11,64900,REJECTED,,2026-08-14 00:00:00,2026-10-02 19:10:56
02ac110a-a021-42a1-a3ba-8c85ba8e8982,358,22,2026-07-03,61200,REJECTED,,2026-07-19 00:00:00,2026-10-02 19:10:56
d988402a-f375-4b0f-9a5a-b67419db4fab,359,22,2026-07-04,69300,APPLIED,,,2026-10-02 19:10:56
40242c07-8d4a-45c7-abaf-07d14c920703,360,22,2026-07-26,53100,APPLIED,,,2026-10-02 19:10:56
1b62cebd-32ba-40f5-abad-ac01daf2d319,361,22,2026-07-30,72400,APPLIED,,,2026-10-02 19:10:56
fdd2e660-fcce-48dc-b27e-2864ebd04b4d,362,22,2026-07-10,71300,IN REVIEW,,2026-08-04 00:00:00,2026-10-02 19:10:56
3b086be5-7666-4aa7-a6b4-587fd9c9467c,363,22,2026-08-09,70100,IN REVIEW,,2026-09-16 00:00:00,2026-10-02 19:10:56
05940da0-72b9-45b4-96ac-ca7f1f6b0c7a,364,22,2026-08-04,53100,APPLIED,,,2026-10-02 19:10:56
d92f7b00-7c58-4e9b-8085-7f407123d39b,365,22,2026-07-27,66400,REJECTED,,2026-08-14 00:00:00,2026-10-02 19:10:56
63463169-5868-4163-8773-90b3cd934ddc,366,22,2026-07-11,63400,REJECTED,,2026-07-27 00:00:00,2026-10-02 19:10:56
cd97fc3b-5e79-4356-86ec-b18e492c46db,367,24,2026-07-17,67200,REJECTED,,2026-08-04 00:00:00,2026-10-02 19:10:56
ff6bb051-a8ff-4f4f-9a62-37fc05c19831,368,24,2026-06-19,46800,INTERVIEWING,,2026-07-04 00:00:00,2026-10-02 19:10:56
13134de0-8a86-40a9-a202-4ad5d43f8567,369,24,2026-07-28,66200,REJECTED,,2026-09-06 00:00:00,2026-10-02 19:10:56
5433993e-30d5-4145-b7c0-38ef9b8064ff,370,24,2026-07-17,65800,APPLIED,,,2026-10-02 19:10:56
65c19d2c-0816-44bc-8c84-9f61abc96056,371,24,2026-06-24,69800,REJECTED,,2026-08-02 00:00:00,2026-10-02 19:10:56
1c6983ee-2e50-443b-96ab-18a900a4c97f,372,24,2026-08-10,52500,REJECTED,,2026-08-15 00:00:00,2026-10-02 19:10:56
fcc2b34a-0046-464a-80a3-e41033e6985f,373,24,2026-07-11,65800,INTERVIEWING,,2026-08-03 00:00:00,2026-10-02 19:10:56
8574a0a9-0fc6-4265-bf8a-af4d0222fe1b,374,24,2026-07-21,52500,REJECTED,,2026-08-30 00:00:00,2026-10-02 19:10:56
c58a6504-4284-4af1-b34c-324aa2e8dd48,375,24,2026-08-13,65200,REJECTED,,2026-09-19 00:00:00,2026-10-02 19:10:56
bf6bba2a-c66f-4a79-a036-f0d1e1b8dbba,376,24,2026-07-07,57500,APPLIED,,,2026-10-02 19:10:56
154580ca-9691-4208-ba4e-6eec01d549e1,377,24,2026-07-02,53500,APPLIED,,,2026-10-02 19:10:56
d05dab16-31f5-407f-8fd3-e7cab1f48f98,378,24,2026-06-29,62400,REJECTED,,2026-07-04 00:00:00,2026-10-02 19:10:56
2ab9b128-9d17-4137-960b-aafec0eb93d3,379,24,2026-08-07,48500,REJECTED,,2026-08-14 00:00:00,2026-10-02 19:10:56
c50bcefb-2179-4d52-a2c3-37070262b639,380,24,2026-07-01,61400,IN REVIEW,,2026-07-19 00:00:00,2026-10-02 19:10:56
674e73a2-848b-488b-a0a6-daabe1fe26e5,381,24,2026-08-07,55000,INTERVIEWING,,2026-08-22 00:00:00,2026-10-02 19:10:56
2a13a802-7b6d-4424-b076-3555dc984f37,382,24,2026-07-25,48900,IN REVIEW,,2026-08-06 00:00:00,2026-10-02 19:10:56
ea802285-8c3f-4d20-9457-8d31e7843fbb,383,24,2026-07-25,49700,IN REVIEW,,2026-09-02 00:00:00,2026-10-02 19:10:56
86b8fcca-2950-4453-b25e-91f2b49ba0ed,384,24,2026-07-02,57400,INTERVIEWING,,2026-08-04 00:00:00,2026-10-02 19:10:56
576293bc-4dd5-4c5a-9098-e7a3f726cfd6,385,24,2026-08-04,51600,REJECTED,,2026-09-13 00:00:00,2026-10-02 19:10:56
560a29ce-97e7-440b-998d-f40d7e30048e,386,24,2026-06-24,52900,REJECTED,,2026-07-27 00:00:00,2026-10-02 19:10:56
e1f559a0-ee9a-42f9-a220-e1d3286dfdbb,387,24,2026-08-13,65500,IN REVIEW,,2026-08-16 00:00:00,2026-10-02 19:10:56
61286c76-9cf7-4af8-bc15-a461cbc45261,388,24,2026-07-25,50400,REJECTED,,2026-08-06 00:00:00,2026-10-02 19:10:56
24833a80-bb1f-4441-a20c-805111cfe512,389,24,2026-06-21,50500,REJECTED,,2026-07-24 00:00:00,2026-10-02 19:10:56
aae9e032-bfef-4ad0-b5c6-ce9859f431af,390,40,2026-08-17,50500,APPLIED,,,2026-10-02 19:10:56
e96b4816-39d1-4980-a10d-0f3ccfd7c0eb,391,40,2026-06-27,58000,IN REVIEW,,2026-07-27 00:00:00,2026-10-02 19:10:56
6da00898-f9cf-4ebb-9334-1c27c894e63e,392,40,2026-08-14,34000,REJECTED,,2026-09-13 00:00:00,2026-10-02 19:10:56
fa3d8a8c-f922-4b6c-bd29-98d3ddf6696d,393,40,2026-08-14,49300,REJECTED,,2026-08-24 00:00:00,2026-10-02 19:10:56
3601e43e-4506-4dc7-bcf4-fbbc3e9d9320,394,40,2026-08-16,36800,REJECTED,,2026-09-17 00:00:00,2026-10-02 19:10:56
20996fd1-bedb-467d-89d9-fd132ef39a94,395,40,2026-07-10,36200,APPLIED,,,2026-10-02 19:10:56
d421c4d8-ab45-4c1b-a542-c6941c1c31c6,396,40,2026-07-13,33500,INTERVIEWING,,2026-08-03 00:00:00,2026-10-02 19:10:56
5fce77fc-fb50-4bae-81a2-ab9a4a4b308e,397,40,2026-06-21,67500,APPLIED,,,2026-10-02 19:10:56
4be30d51-ee5e-4c96-be5b-11e94b21b6d3,398,40,2026-07-03,62200,REJECTED,,2026-07-13 00:00:00,2026-10-02 19:10:56
a5e49470-78f6-4312-be02-a662a241365d,399,40,2026-06-21,64400,REJECTED,,2026-07-20 00:00:00,2026-10-02 19:10:56
9a0e1865-e3b9-46b8-bef0-3ec8fdc7582b,400,40,2026-08-07,64200,IN REVIEW,,2026-09-10 00:00:00,2026-10-02 19:10:56
9502acef-5612-4f9f-b382-e5c77185a379,401,40,2026-07-04,53900,REJECTED,,2026-07-25 00:00:00,2026-10-02 19:10:56
213d84bc-7a7c-46be-ae4f-98e0e62d570e,402,40,2026-07-06,54900,IN REVIEW,,2026-07-12 00:00:00,2026-10-02 19:10:56
c8a03771-ecf9-4061-af81-873eacc6be90,403,40,2026-07-19,49400,APPLIED,,,2026-10-02 19:10:56
04842414-7a53-4c86-8eb4-14e2f13adfe9,404,32,2026-07-26,145000,APPLIED,,,2026-10-02 19:10:56
4d112cf0-e290-496d-ac6a-fc2cec583807,405,32,2026-08-08,148700,APPLIED,,,2026-10-02 19:10:56
cafd6cce-257a-421f-a07b-d181c5b689b7,406,32,2026-08-03,165800,INTERVIEWING,,2026-08-11 00:00:00,2026-10-02 19:10:56
8cfb0fb6-53ca-4843-bf82-64fbdd5497f7,407,32,2026-08-19,164800,APPLIED,,,2026-10-02 19:10:56
3ff4fac3-d210-4f84-83ff-a6732d8cdc60,408,32,2026-08-03,146600,APPLIED,,,2026-10-02 19:10:56
ce1dac14-b169-46bb-9fa3-832099935ab1,409,32,2026-08-13,147300,IN REVIEW,,2026-09-15 00:00:00,2026-10-02 19:10:56
ad45a012-415d-4ab5-b7be-dbbf91285a22,410,32,2026-07-27,160000,APPLIED,,,2026-10-02 19:10:56
ef23681b-e925-4c0c-ba08-dfd6dba952ba,411,32,2026-07-07,177500,IN REVIEW,,2026-07-30 00:00:00,2026-10-02 19:10:56
7d10db2e-a750-4730-82fc-2475f61cb5a2,412,32,2026-07-20,154600,INTERVIEWING,,2026-07-24 00:00:00,2026-10-02 19:10:56
917da64d-511c-41c8-a8aa-0075491bae07,413,32,2026-07-23,164300,INTERVIEWING,,2026-08-23 00:00:00,2026-10-02 19:10:56
6834207d-973c-461b-a736-888cfaee053e,414,32,2026-07-18,169000,INTERVIEWING,,2026-08-13 00:00:00,2026-10-02 19:10:56
8e5bd121-8314-4ce6-b262-454b41f6ab54,415,32,2026-07-30,172400,APPLIED,,,2026-10-02 19:10:56
c28ee6db-55d9-4dec-89f0-ef2aeb4e16a1,416,32,2026-07-09,176800,IN REVIEW,,2026-07-22 00:00:00,2026-10-02 19:10:56
897e6314-b730-43d4-86ac-d174e8845378,417,32,2026-07-10,161200,REJECTED,,2026-07-21 00:00:00,2026-10-02 19:10:56
1c295393-f17f-49ad-b0ea-758d3a6e7bc4,418,32,2026-08-01,160600,APPLIED,,,2026-10-02 19:10:56
faf7b8dd-1a72-4f5b-bbef-562664e569cb,419,32,2026-07-29,152900,APPLIED,,,2026-10-02 19:10:56
d09966eb-6cb2-4fb8-9608-587b22334b87,420,32,2026-08-29,177200,REJECTED,,2026-09-20 00:00:00,2026-10-02 19:10:56
26f180f5-e7db-47cd-a142-e3d49672e17e,421,32,2026-07-25,141900,APPLIED,,,2026-10-02 19:10:56
2cc1e0fb-fe04-4b40-b344-202140a45df8,422,32,2026-07-20,167100,APPLIED,,,2026-10-02 19:10:56
198ec570-66d6-4334-88b0-6f92cf374156,423,32,2026-08-28,169000,APPLIED,,,2026-10-02 19:10:56
8e009669-ef10-4954-985a-4f323ae1c8fc,424,32,2026-08-25,177000,REJECTED,,2026-09-05 00:00:00,2026-10-02 19:10:56
0906399b-5643-4bf5-96e7-f8fbc4cfe653,425,32,2026-07-06,167800,APPLIED,,,2026-10-02 19:10:56
bd271fd0-3ff1-4165-91d6-074957c330cb,426,32,2026-07-04,178000,REJECTED,,2026-08-09 00:00:00,2026-10-02 19:10:56
70db4332-d747-4345-82cc-8d1bbfb941c7,427,16,2026-08-23,110800,IN REVIEW,,2026-09-21 00:00:00,2026-10-02 19:10:56
f0f5a1d8-4dc9-4f24-a73b-bf149702a2c2,428,16,2026-08-13,94400,APPLIED,,,2026-10-02 19:10:56
42e0c631-833a-4c79-b98b-ee0a22121aaf,429,16,2026-07-12,137900,APPLIED,,,2026-10-02 19:10:56
210204df-33ee-4883-aa92-bcd570d85bb4,430,16,2026-08-28,131900,APPLIED,,,2026-10-02 19:10:56
6a04477e-b14a-4aa3-8340-a8cefb465882,431,16,2026-07-21,118600,APPLIED,,,2026-10-02 19:10:56
2930d88c-2dcd-415d-bf25-65b1d529c1d7,432,16,2026-09-02,131800,REJECTED,,2026-10-02 00:00:00,2026-10-02 19:10:56
4e100425-0e0b-479f-98dd-2b4b7f8384ad,433,16,2026-08-13,135400,APPLIED,,,2026-10-02 19:10:56
fbc01e55-c1be-4125-bbd3-45ae9c116e43,434,16,2026-07-25,113300,APPLIED,,,2026-10-02 19:10:56
eecebd8c-d8c3-4668-9585-ce7a53227033,435,16,2026-08-10,109700,APPLIED,,,2026-10-02 19:10:56
4ef8922e-d40e-49bc-aa7d-71f6895adb51,436,16,2026-07-16,106200,REJECTED,,2026-07-24 00:00:00,2026-10-02 19:10:56
9ec72652-96a9-4b89-a632-27a4b3543669,437,16,2026-07-18,133200,REJECTED,,2026-08-07 00:00:00,2026-10-02 19:10:56
38fbba56-4f02-441f-aaa0-e2d81faccee4,438,16,2026-08-02,133200,APPLIED,,,2026-10-02 19:10:56
dded4345-f191-44c3-bfac-b5b21c206706,439,16,2026-08-24,108800,APPLIED,,,2026-10-02 19:10:56
9c2dcc56-4496-422f-b267-3e53088eb369,440,16,2026-08-24,92900,APPLIED,,,2026-10-02 19:10:56
8df5808f-c8a9-400c-a795-1babb21bd90c,441,16,2026-08-31,106300,IN REVIEW,,2026-09-19 00:00:00,2026-10-02 19:10:56
1b7531e6-c9e3-49eb-a7eb-ed5fd84163e6,442,16,2026-08-05,137600,REJECTED,,2026-09-14 00:00:00,2026-10-02 19:10:56
adb3adba-cfbd-4d32-ac89-8dac6fca8d22,443,16,2026-08-30,121200,APPLIED,,,2026-10-02 19:10:56
2db0142b-a6bd-4073-8d7f-1e676bba69a1,444,16,2026-08-08,111000,APPLIED,,,2026-10-02 19:10:56
c49df1e5-1b29-40e7-97ab-823daf01e0e4,445,21,2026-08-30,34900,IN REVIEW,,2026-09-08 00:00:00,2026-10-02 19:10:56
096f8289-f424-4570-96da-864e7d052057,446,21,2026-08-08,26600,APPLIED,,,2026-10-02 19:10:56
3f17b46c-2356-4bfd-bbdc-04ab13dedada,447,21,2026-09-14,43600,APPLIED,,,2026-10-02 19:10:56
ff1764ca-9505-498d-9ae9-49adf4d3e3aa,448,21,2026-08-10,43100,IN REVIEW,,2026-08-27 00:00:00,2026-10-02 19:10:56
78ac4ecb-80c2-4395-8900-ef3a13af7591,449,21,2026-09-07,42000,IN REVIEW,,2026-09-21 00:00:00,2026-10-02 19:10:56
e480c7ff-173f-4eec-9379-cfe63aec2297,450,21,2026-08-11,34400,APPLIED,,,2026-10-02 19:10:56
8038fa63-a70a-4566-89c2-2a3e80641cce,451,21,2026-08-28,40900,INTERVIEWING,,2026-09-10 00:00:00,2026-10-02 19:10:56
d9707d00-cbd7-4340-be01-27eaab36ff88,452,21,2026-08-01,35600,IN REVIEW,,2026-08-27 00:00:00,2026-10-02 19:10:56
7ce39544-8e70-43e2-88fb-b209c135217e,453,21,2026-08-16,42500,IN REVIEW,,2026-09-09 00:00:00,2026-10-02 19:10:56
473dde30-6283-4d32-a2c2-e7cb4a797e67,454,21,2026-07-31,28800,APPLIED,,,2026-10-02 19:10:56
9e002184-57ac-4478-b95f-c8eca72b1bf7,455,21,2026-07-31,31300,INTERVIEWING,,2026-08-27 00:00:00,2026-10-02 19:10:56
a3c6dbe7-b080-477e-b3f7-3b6120ebe669,456,21,2026-09-09,27900,IN REVIEW,,2026-10-02 00:00:00,2026-10-02 19:10:56
92894d47-9bec-4dba-b2e0-7f69933c9bfc,457,21,2026-09-13,40200,REJECTED,,2026-10-02 00:00:00,2026-10-02 19:10:56
361a1c80-b554-4952-892d-4fe90eae45f6,458,21,2026-09-12,37500,APPLIED,,,2026-10-02 19:10:56
e769a418-4aaf-4d0b-b374-9b8feff3996c,459,21,2026-08-07,27200,APPLIED,,,2026-10-02 19:10:56
657a9781-16c9-466d-8dbd-a516407ac362,460,21,2026-08-03,43600,APPLIED,,,2026-10-02 19:10:56
3f4843ba-703f-4618-8ef1-cf97c2a39c83,461,21,2026-07-24,36100,APPLIED,,,2026-10-02 19:10:56
28a1a0b3-7f20-4e63-aa9d-59104420ecf0,462,21,2026-08-25,30600,IN REVIEW,,2026-08-28 00:00:00,2026-10-02 19:10:56
ef21988a-ab89-4b6d-848c-a33e8f7d9f0f,463,21,2026-07-27,27600,REJECTED,,2026-08-11 00:00:00,2026-10-02 19:10:56
1288a94c-27a3-45cf-94bc-118f9622dd1a,464,21,2026-09-05,34400,REJECTED,,2026-10-02 00:00:00,2026-10-02 19:10:56
992624c4-5796-454b-8a8e-9405fa908211,465,21,2026-08-22,35500,APPLIED,,,2026-10-02 19:10:56
2cdca40f-ecc5-403d-b36c-db2f207cfe41,466,21,2026-07-27,41700,APPLIED,,,2026-10-02 19:10:56
f0b4015e-86c9-43dd-9c11-27ce8ad53ca4,467,21,2026-08-07,30900,IN REVIEW,,2026-08-12 00:00:00,2026-10-02 19:10:56
5fe209c5-c720-4531-8eb7-6d81d880223f,468,21,2026-07-21,42900,APPLIED,,,2026-10-02 19:10:56
e968c7ef-fd73-4a03-bdfc-62d696b1a71d,469,41,2026-08-03,33200,APPLIED,,,2026-10-02 19:10:56
b2f8e15b-6085-4a8c-b4c1-bf75c4e0f0c6,470,41,2026-08-20,33700,REJECTED,,2026-08-25 00:00:00,2026-10-02 19:10:56
80ca938b-6648-4070-a560-4685220f424b,471,41,2026-08-06,28500,IN REVIEW,,2026-09-12 00:00:00,2026-10-02 19:10:56
fc375f36-721a-4d9b-ae89-5ae74172eeac,472,41,2026-07-18,30100,IN REVIEW,,2026-07-29 00:00:00,2026-10-02 19:10:56
4d4a618c-ebad-4084-93ec-9a578685e821,473,41,2026-08-30,25600,APPLIED,,,2026-10-02 19:10:56
59c5449c-6a80-4dd8-b89a-48a131d5aae7,474,41,2026-08-25,33300,IN REVIEW,,2026-09-24 00:00:00,2026-10-02 19:10:56
48deb4c4-d065-4f37-9aa8-8a7676c55b8f,475,41,2026-08-21,29300,INTERVIEWING,,2026-09-01 00:00:00,2026-10-02 19:10:56
3846a351-8f21-456d-a11c-0c86d4bd4b26,476,41,2026-08-20,34400,IN REVIEW,,2026-08-24 00:00:00,2026-10-02 19:10:56
1f474157-47d4-4147-a4b9-a6942ae74a29,477,41,2026-09-15,30800,REJECTED,,2026-10-02 00:00:00,2026-10-02 19:10:56
5b8034ae-972a-46ea-85bf-6f2227778cd2,478,41,2026-09-11,31800,IN REVIEW,,2026-10-02 00:00:00,2026-10-02 19:10:56
27d3d525-e166-4211-b820-fabdd0aac5ac,479,41,2026-09-11,37500,REJECTED,,2026-09-18 00:00:00,2026-10-02 19:10:56
5288f82e-b2bb-4c79-a3e2-f2ee1e4dbf01,480,41,2026-08-21,25800,APPLIED,,,2026-10-02 19:10:56
b9885b39-b051-45fa-b93e-0976613180da,481,41,2026-07-25,29500,IN REVIEW,,2026-08-27 00:00:00,2026-10-02 19:10:56
749ef3ce-fd6b-4473-8340-8582e6333bbb,482,41,2026-08-15,27600,IN REVIEW,,2026-08-19 00:00:00,2026-10-02 19:10:56
f0f3b279-6085-4f74-94a6-e2be970971bc,483,41,2026-09-04,32400,INTERVIEWING,,2026-10-02 00:00:00,2026-10-02 19:10:56
12829ed0-9e33-498b-b065-4e4005b8e148,484,41,2026-09-03,37100,APPLIED,,,2026-10-02 19:10:56
cbe968bd-56dc-4140-9f22-03f05ed12693,485,41,2026-08-05,26500,APPLIED,,,2026-10-02 19:10:56
6ef0bdae-4466-4b66-83d0-8402ce35fd2c,486,25,2026-09-09,27100,REJECTED,,2026-09-15 00:00:00,2026-10-02 19:10:56
e1aed0d8-95e8-4996-b0ad-2acedbd9db83,487,25,2026-09-16,39100,REJECTED,,2026-10-02 00:00:00,2026-10-02 19:10:56
0a276931-0d56-437f-837f-5f11b812c712,488,25,2026-09-09,25800,IN REVIEW,,2026-09-22 00:00:00,2026-10-02 19:10:56
2f840d3b-84cc-4911-bc2d-015d88311b2b,489,25,2026-09-13,33800,APPLIED,,,2026-10-02 19:10:56
aee160f0-c153-4e29-970f-d78bf715ad75,490,25,2026-08-30,43700,APPLIED,,,2026-10-02 19:10:56
9c0231dd-440e-46f6-963f-f901363b3d25,491,25,2026-09-12,30000,IN REVIEW,,2026-09-22 00:00:00,2026-10-02 19:10:56
c60bbd74-7b93-4af0-a98a-086067ebe345,492,25,2026-08-03,28300,REJECTED,,2026-08-26 00:00:00,2026-10-02 19:10:56
14428eb0-f4bc-465b-a994-d16eca225d94,493,25,2026-08-26,36300,APPLIED,,,2026-10-02 19:10:56
e7ee8145-73bb-466d-a78a-a53e7296c2d7,494,25,2026-08-01,40900,REJECTED,,2026-08-24 00:00:00,2026-10-02 19:10:56
1da29e4e-d907-429d-ba49-521ea008bab5,495,25,2026-09-11,42300,APPLIED,,,2026-10-02 19:10:56
bc125ebc-3961-4830-b166-b096632d82f0,496,25,2026-08-04,31700,IN REVIEW,,2026-09-07 00:00:00,2026-10-02 19:10:56
6af4e118-4f3f-4257-b346-6cf0e3e5ec82,497,25,2026-09-15,31800,IN REVIEW,,2026-10-02 00:00:00,2026-10-02 19:10:56
8b1aa5e4-74d1-4d59-896f-97665903cdad,498,25,2026-09-15,36000,IN REVIEW,,2026-09-18 00:00:00,2026-10-02 19:10:56
4d99a0a3-aa82-475e-abe4-1334d3c52a72,499,25,2026-08-21,28200,REJECTED,,2026-08-29 00:00:00,2026-10-02 19:10:56
5f29b4ca-dca0-4aad-8b81-4013d56b83cd,500,25,2026-07-31,38000,IN REVIEW,,2026-08-13 00:00:00,2026-10-02 19:10:56
14e9c342-d383-44bb-8b52-50c5afad1c3b,501,25,2026-08-29,33000,REJECTED,,2026-09-04 00:00:00,2026-10-02 19:10:56
7f26c404-6091-4bb5-82db-94e4e67a43f3,502,25,2026-08-05,33000,APPLIED,,,2026-10-02 19:10:56
587db2f8-9f8d-4a06-8123-22fd57ab936d,503,25,2026-08-03,34300,IN REVIEW,,2026-08-25 00:00:00,2026-10-02 19:10:56
9ac4cb47-32c6-4338-ad01-7b083583a906,504,42,2026-08-30,43500,INTERVIEWING,,2026-10-02 00:00:00,2026-10-02 19:10:56
ebe00c50-ff7e-42a6-a78f-19329c990a13,505,42,2026-09-04,42400,REJECTED,,2026-10-02 00:00:00,2026-10-02 19:10:56
22144d6f-d00c-406a-b47a-2ceef9661137,506,42,2026-09-01,58800,INTERVIEWING,,2026-09-08 00:00:00,2026-10-02 19:10:56
20e2bac0-14ee-4e7b-897e-b8b0e3021e62,507,42,2026-08-03,38900,IN REVIEW,,2026-08-10 00:00:00,2026-10-02 19:10:56
1b17cf82-7fc6-4ebf-a38e-eeef64d6f030,508,42,2026-09-09,59600,REJECTED,,2026-09-14 00:00:00,2026-10-02 19:10:56
a12fde55-fc3f-4e8a-8e8b-e681e8a1b54e,509,42,2026-09-14,52800,IN REVIEW,,2026-09-29 00:00:00,2026-10-02 19:10:56
9ce2323f-c8d5-4bc3-b948-97901d2be76f,510,42,2026-09-09,34100,APPLIED,,,2026-10-02 19:10:56
05cc2bcf-ab56-4bbf-a1e5-9cdbffbbde4c,511,42,2026-09-04,44700,REJECTED,,2026-09-22 00:00:00,2026-10-02 19:10:56
20a1a312-ab32-4c2b-8ea6-f045a21afe6c,512,42,2026-08-08,45800,IN REVIEW,,2026-09-08 00:00:00,2026-10-02 19:10:56
903d5676-c1ab-41ec-abd7-3198ca0c29e7,513,42,2026-08-09,47200,IN REVIEW,,2026-08-12 00:00:00,2026-10-02 19:10:56
6362d828-e938-4b80-b399-43f9be1d45e1,514,42,2026-08-08,67200,REJECTED,,2026-08-16 00:00:00,2026-10-02 19:10:56
244ffcdb-35fb-494f-8b48-f74cb363f30a,515,42,2026-09-14,55700,APPLIED,,,2026-10-02 19:10:56
075b78d7-5d15-4eb6-83b1-a6ebfc2b5fc4,516,42,2026-08-09,66300,REJECTED,,2026-09-07 00:00:00,2026-10-02 19:10:56
649ab477-25e2-425b-a175-4fa8b42f9e6d,517,42,2026-09-27,46200,IN REVIEW,,2026-10-02 00:00:00,2026-10-02 19:10:56
fec6d7be-9243-476c-aa25-0d453fb855df,518,42,2026-09-30,58300,APPLIED,,,2026-10-02 19:10:56
81e6fac6-3a3c-457d-9868-b9b1f48670b0,519,4,2026-10-01,94100,IN REVIEW,,2026-10-02 00:00:00,2026-10-02 19:10:56
879d4dff-2930-4b7f-ad0a-2aef1959d6a1,520,4,2026-09-22,113800,INTERVIEWING,,2026-10-02 00:00:00,2026-10-02 19:10:56
708f7036-bded-4286-a7c7-bc8a26fe3077,521,4,2026-08-21,106800,REJECTED,,2026-09-27 00:00:00,2026-10-02 19:10:56
63ace79c-1fb2-4b23-b4ee-3875a06a10d0,522,4,2026-09-15,95200,INTERVIEWING,,2026-10-02 00:00:00,2026-10-02 19:10:56
b89c5f2c-564d-4d0b-b97a-55a2a9f31a63,523,4,2026-08-28,96000,REJECTED,,2026-09-08 00:00:00,2026-10-02 19:10:56
49400b20-97a6-40fd-8916-bc3cd255551e,524,4,2026-09-28,116100,INTERVIEWING,,2026-10-02 00:00:00,2026-10-02 19:10:56
9fb8a6a5-d73b-4e6b-9e63-6f518e47c513,525,4,2026-09-22,100300,IN REVIEW,,2026-10-02 00:00:00,2026-10-02 19:10:56
4e32131d-ce0f-4bca-9855-9acc1e1775c5,526,4,2026-08-17,105100,IN REVIEW,,2026-08-22 00:00:00,2026-10-02 19:10:56
6ffb3c12-9508-44d2-8f48-602fe2b5d220,527,4,2026-09-10,101000,IN REVIEW,,2026-09-17 00:00:00,2026-10-02 19:10:56
3de5eeb0-aa30-4149-bf87-6cf29d2fad72,528,4,2026-09-08,116000,INTERVIEWING,,2026-09-26 00:00:00,2026-10-02 19:10:56
be2d9b8d-b2d4-4fed-878c-ab6c131c922e,529,4,2026-09-10,114300,IN REVIEW,,2026-09-22 00:00:00,2026-10-02 19:10:56
4fef1ffb-9b2e-4958-9fe8-6bd4fdc54f6b,530,4,2026-08-25,121700,INTERVIEWING,,2026-09-02 00:00:00,2026-10-02 19:10:56
4f4ace40-fbf8-4410-98b3-e46ac1ed191a,531,4,2026-09-14,123300,APPLIED,,,2026-10-02 19:10:56
0560f674-9b27-412e-bc34-495b8937acec,532,4,2026-08-19,97500,APPLIED,,,2026-10-02 19:10:56
dc41a472-9de1-471d-bdbb-c5b5534bbe10,533,4,2026-08-23,125800,REJECTED,,2026-10-01 00:00:00,2026-10-02 19:10:56
52ef8555-4943-430a-bc04-672d8da742ba,534,4,2026-09-09,114600,IN REVIEW,,2026-09-28 00:00:00,2026-10-02 19:10:56
3488d5a0-6ec6-41c6-ad61-98a9cf124d5f,535,4,2026-09-23,119000,REJECTED,,2026-10-01 00:00:00,2026-10-02 19:10:56
0edb030a-e623-4760-9ba6-c6a3620dae1b,536,35,2026-08-20,175300,INTERVIEWING,,2026-09-25 00:00:00,2026-10-02 19:10:56
0395cf52-2818-4f74-9ed3-6fe5b0c45b5e,537,35,2026-09-08,174600,INTERVIEWING,,2026-10-02 00:00:00,2026-10-02 19:10:56
0e8a1d99-3bc0-4487-9281-12ebf96ab3f2,538,35,2026-09-22,148500,REJECTED,,2026-10-02 00:00:00,2026-10-02 19:10:56
b6e952da-53ff-4720-881d-1cf0c11105b2,539,35,2026-08-16,174000,IN REVIEW,,2026-09-18 00:00:00,2026-10-02 19:10:56
f027c230-31e8-41f8-997f-c414248f6a31,540,35,2026-08-27,155900,IN REVIEW,,2026-09-19 00:00:00,2026-10-02 19:10:56
652a8ca9-08b4-4726-9588-7e5ce36169dc,541,35,2026-09-25,158000,REJECTED,,2026-09-29 00:00:00,2026-10-02 19:10:56
5cb0276a-8085-497e-8bbb-ffa6654a6246,542,35,2026-08-13,168500,REJECTED,,2026-08-31 00:00:00,2026-10-02 19:10:56
769ea736-1a74-4ce2-86e2-5d53e60de254,543,35,2026-09-02,164800,IN REVIEW,,2026-10-01 00:00:00,2026-10-02 19:10:56
b8d1c6b1-e473-4598-a9e7-5399e841be8d,544,35,2026-09-22,165000,REJECTED,,2026-10-02 00:00:00,2026-10-02 19:10:56
37c7ad2d-2e19-4db3-9277-b69338d6e8ed,545,35,2026-09-07,166900,REJECTED,,2026-10-02 00:00:00,2026-10-02 19:10:56
15852b49-44e9-4895-81fe-960d8c071dc8,546,35,2026-09-09,169800,APPLIED,,,2026-10-02 19:10:56
9253b43e-c6b6-4a84-a895-fdaf3ba0e64d,547,35,2026-09-26,165200,APPLIED,,,2026-10-02 19:10:56
36da0079-2cc8-4466-8dec-eb9cab581843,548,35,2026-08-28,178100,IN REVIEW,,2026-09-05 00:00:00,2026-10-02 19:10:56
463a4c9b-4609-4a93-be96-e0e10a1fb51b,549,35,2026-09-17,162800,IN REVIEW,,2026-10-02 00:00:00,2026-10-02 19:10:56
1db6ab87-19fa-4af7-a4d6-c055d86760d1,550,12,2026-08-27,66700,APPLIED,,,2026-10-02 19:10:56
56abb42b-b2a2-4d72-83b5-ca49bab6fa96,551,12,2026-08-15,48100,APPLIED,,,2026-10-02 19:10:56
cc436cec-bc0c-4b15-b21b-d1f869f461f0,552,12,2026-09-28,66900,REJECTED,,2026-10-02 00:00:00,2026-10-02 19:10:56
e389b316-24be-49da-b45e-2890eb9d83c6,553,12,2026-08-25,42200,APPLIED,,,2026-10-02 19:10:56
211f39c0-1d94-4973-8508-ddb8d75edac2,554,12,2026-10-01,66900,APPLIED,,,2026-10-02 19:10:56
4888b93d-7cf5-4f6b-ad88-27c4202f9218,555,12,2026-08-19,40000,REJECTED,,2026-08-30 00:00:00,2026-10-02 19:10:56
747691ac-71d1-4865-8271-0a22310a9475,556,12,2026-08-19,58500,APPLIED,,,2026-10-02 19:10:56
bdb606d4-cda7-4d57-885b-bf50d7d0e129,557,12,2026-09-17,63300,APPLIED,,,2026-10-02 19:10:56
c8a5a780-d93a-49f9-b845-8f32b0501486,558,12,2026-09-12,56200,IN REVIEW,,2026-10-02 00:00:00,2026-10-02 19:10:56
89106013-4316-493f-86ca-59f6b367fab8,559,12,2026-10-01,41400,APPLIED,,,2026-10-02 19:10:56
33e938fd-f462-4dd3-a006-229a1c513d2e,560,12,2026-09-18,49300,APPLIED,,,2026-10-02 19:10:56
a1940ef7-efd6-4b29-bcc9-c164ed719d68,561,12,2026-09-28,57200,REJECTED,,2026-10-02 00:00:00,2026-10-02 19:10:56
4f25cc35-34e3-413d-9325-bf631353aa6f,562,12,2026-09-10,61900,INTERVIEWING,,2026-09-24 00:00:00,2026-10-02 19:10:56
de15f95d-6961-45b0-99aa-61f3d535eab4,563,12,2026-08-20,38600,REJECTED,,2026-09-19 00:00:00,2026-10-02 19:10:56
bc0de919-f559-4eb7-b5ef-3bfda23a9ce6,564,12,2026-08-15,52900,REJECTED,,2026-09-02 00:00:00,2026-10-02 19:10:56
49302750-bb2c-44e2-b42f-f56ab316df43,565,12,2026-08-29,56400,APPLIED,,,2026-10-02 19:10:56
bf2454a6-803f-4868-b7ec-2c12bc8aba69,566,12,2026-09-01,49500,INTERVIEWING,,2026-10-01 00:00:00,2026-10-02 19:10:56
d8d3359c-3c81-4edb-801d-0d31cc13d8e1,567,12,2026-09-17,50500,REJECTED,,2026-09-29 00:00:00,2026-10-02 19:10:56
38d2a581-4b5b-4762-a111-afc505affc22,568,12,2026-08-30,67900,IN REVIEW,,2026-09-25 00:00:00,2026-10-02 19:10:56
995b43be-0e0c-4830-84e8-ca833ba2e6cc,569,12,2026-09-29,64200,APPLIED,,,2026-10-02 19:10:56
0c109dbb-a91f-43b4-8266-23fb65604a21,570,12,2026-08-14,69500,IN REVIEW,,2026-08-26 00:00:00,2026-10-02 19:10:56
f21a693b-9471-46ae-916a-3fa047a3b94f,571,12,2026-08-17,64000,REJECTED,,2026-08-27 00:00:00,2026-10-02 19:10:56
9a59c0f6-3d68-48f2-8275-322eab5d1cdb,572,12,2026-09-06,47500,REJECTED,,2026-10-02 00:00:00,2026-10-02 19:10:56
ed3f2bb1-8f0b-4324-9679-821295b55d16,573,12,2026-09-01,61700,IN REVIEW,,2026-09-25 00:00:00,2026-10-02 19:10:56
41df4252-f135-49b8-bb7a-b84c3e79c444,574,12,2026-09-06,60700,IN REVIEW,,2026-09-24 00:00:00,2026-10-02 19:10:56
c74d8efb-2eaa-4c35-96c1-b918bcdc0973,575,3,2026-10-01,28400,APPLIED,,,2026-10-02 19:10:56
4c4539c2-3386-4421-a053-8cdc28ab4042,576,3,2026-08-29,37400,APPLIED,,,2026-10-02 19:10:56
929863d0-3fc4-4308-b206-a0a0122ea0e0,577,3,2026-09-16,29000,APPLIED,,,2026-10-02 19:10:56
c3c7d569-abc1-450d-979b-3276a0cd85e7,578,3,2026-09-24,31800,APPLIED,,,2026-10-02 19:10:56
9097f6c9-ef70-4a64-951f-58d190fa5e1b,579,3,2026-09-05,36200,APPLIED,,,2026-10-02 19:10:56
263bb91c-af24-466f-a93c-80730aabef7e,580,3,2026-09-23,30000,REJECTED,,2026-10-02 00:00:00,2026-10-02 19:10:56
8920f60f-d54c-47f0-890f-a9970faa951d,581,3,2026-09-24,26500,APPLIED,,,2026-10-02 19:10:56
5507c4e7-fee4-46a5-989e-e0f517f8850d,582,3,2026-08-16,35800,IN REVIEW,,2026-09-11 00:00:00,2026-10-02 19:10:56
44ee2451-fd6a-4308-bacc-0ef970b3175a,583,3,2026-09-04,35300,APPLIED,,,2026-10-02 19:10:56
22a30b70-934c-4f16-9dbf-f92ce2940af1,584,3,2026-08-20,42600,APPLIED,,,2026-10-02 19:10:56
585017b7-9198-46dc-b4e6-8a6824233a91,585,3,2026-09-21,35900,APPLIED,,,2026-10-02 19:10:56
f4625a76-c7ea-42c9-b191-9e0d603fd5b8,586,3,2026-09-22,42700,APPLIED,,,2026-10-02 19:10:56
36d559e5-d6a0-4b7d-aa36-defdd2a8ba4c,587,3,2026-08-15,37600,APPLIED,,,2026-10-02 19:10:56
3686fd52-a5f2-4235-9947-99c6ba05a73a,588,3,2026-09-11,29700,APPLIED,,,2026-10-02 19:10:56
87b3b62b-ac03-453b-96dc-1232945e348a,589,23,2026-09-06,33600,APPLIED,,,2026-10-02 19:10:56
c90a61a1-6d26-4e3a-b01c-b74c580f0bdb,590,23,2026-08-30,30200,IN REVIEW,,2026-10-02 00:00:00,2026-10-02 19:10:56
53cccea4-fcd9-4a77-889f-e9b6181fe706,591,23,2026-10-01,37700,REJECTED,,2026-10-02 00:00:00,2026-10-02 19:10:56
776e7712-ac9e-46c1-b34d-de25aaca5c7b,592,23,2026-08-22,43300,APPLIED,,,2026-10-02 19:10:56
0b65bfb8-eac8-41fc-8036-aaf7d53dc20c,593,23,2026-08-14,42600,APPLIED,,,2026-10-02 19:10:56
3e04e9dc-1a1c-4dc9-86c6-77e4438a63ed,594,23,2026-09-14,42600,APPLIED,,,2026-10-02 19:10:56
259b3352-9963-442a-8f11-2290cc8d6b49,595,23,2026-09-10,30400,APPLIED,,,2026-10-02 19:10:56
8ee7e7cd-7d33-4f36-b35e-92648949f8f0,596,23,2026-08-14,37000,INTERVIEWING,,2026-09-02 00:00:00,2026-10-02 19:10:56
df97494e-ba4e-4deb-aaa3-fa1725b5550c,597,23,2026-09-22,33400,APPLIED,,,2026-10-02 19:10:56
5256c102-a2ce-4551-b8e4-79e6dd4c078f,598,23,2026-08-20,33100,APPLIED,,,2026-10-02 19:10:56
03499779-2d74-4b41-9328-bbacf4a4ae74,599,23,2026-09-07,37100,IN REVIEW,,2026-10-02 00:00:00,2026-10-02 19:10:56
11b29664-f636-4c7d-b744-295a97d8e4a4,600,23,2026-09-10,42200,APPLIED,,,2026-10-02 19:10:56
93b3a123-864f-4005-889d-25042dc344ea,601,23,2026-08-22,40400,INTERVIEWING,,2026-09-25 00:00:00,2026-10-02 19:10:56
c3ed0f15-30d4-486c-aeb7-dc1ae164f94e,602,23,2026-09-20,32100,REJECTED,,2026-10-02 00:00:00,2026-10-02 19:10:56
7a08d3da-b3c7-445a-9d5a-d47f6d314c7c,603,23,2026-08-27,41500,REJECTED,,2026-09-14 00:00:00,2026-10-02 19:10:56
fab4c9a0-5e4c-4443-ae5d-7eb7b2e8a704,604,23,2026-08-15,37100,REJECTED,,2026-09-04 00:00:00,2026-10-02 19:10:56
9c3135f3-be24-4a89-8b9a-d3553fb514ce,605,23,2026-09-24,34700,REJECTED,,2026-10-02 00:00:00,2026-10-02 19:10:56
7e56627d-4662-48d7-b7e7-2476a7a0c1f5,606,23,2026-08-18,27000,REJECTED,,2026-09-22 00:00:00,2026-10-02 19:10:56
7635b8f0-aff2-410b-9c3f-7c57560aabb4,607,23,2026-08-31,40500,APPLIED,,,2026-10-02 19:10:56
9e7bface-6817-4175-849a-d2cc509ef6ff,608,23,2026-09-25,42500,REJECTED,,2026-10-02 00:00:00,2026-10-02 19:10:56
18a296c0-c645-4f20-b3f6-7276aa3754da,609,23,2026-09-19,36400,IN REVIEW,,2026-10-02 00:00:00,2026-10-02 19:10:56
b22324ad-c764-4296-833c-0f9103e1a71a,610,6,2026-09-26,60000,APPLIED,,,2026-10-02 19:10:56
c171c35a-ddab-4532-a69d-2b145e91269a,611,6,2026-09-21,47600,REJECTED,,2026-10-02 00:00:00,2026-10-02 19:10:56
72602586-0971-442f-ab9f-79335afa2d36,612,6,2026-08-19,50000,APPLIED,,,2026-10-02 19:10:56
d5b09fdc-ff58-4ad6-aeed-a57469af99e8,613,6,2026-09-14,63000,APPLIED,,,2026-10-02 19:10:56
ccf5af6e-7f8c-432e-aab7-1fa6b9a35966,614,6,2026-09-20,37700,APPLIED,,,2026-10-02 19:10:56
8bd0fdce-5203-4b42-992c-b2118cc2a8f5,615,6,2026-08-29,46600,APPLIED,,,2026-10-02 19:10:56
09a697b5-9a22-4394-a24b-55e0f56a51b4,616,6,2026-08-30,70800,IN REVIEW,,2026-09-22 00:00:00,2026-10-02 19:10:56
8eccb0ee-1bdc-49d8-9f55-197593b8c7a8,617,6,2026-09-13,65000,APPLIED,,,2026-10-02 19:10:56
96dd616e-e9c9-48d2-ad65-76ef083694ad,618,6,2026-09-10,65900,APPLIED,,,2026-10-02 19:10:56
2e1f6597-9017-4a13-8d53-2d0b206e59ce,619,6,2026-09-19,70700,APPLIED,,,2026-10-02 19:10:56
5bc828c7-1eeb-49f9-9da6-ace8d17cb1d3,620,6,2026-09-04,51700,IN REVIEW,,2026-09-15 00:00:00,2026-10-02 19:10:56
2b16b832-e541-473b-b38a-2fcefd11bfcd,621,6,2026-09-25,49900,IN REVIEW,,2026-10-02 00:00:00,2026-10-02 19:10:56
27a23d08-56a3-40ed-813a-159b1ec69442,622,6,2026-09-02,54100,INTERVIEWING,,2026-10-02 00:00:00,2026-10-02 19:10:56
2457f6d9-67a8-4331-ad34-abc6f2c05049,623,6,2026-08-17,56400,APPLIED,,,2026-10-02 19:10:56
88ba388a-69d9-4840-be1f-e9d5994f7a89,624,6,2026-08-18,55600,APPLIED,,,2026-10-02 19:10:56
8bebdb08-831e-4b97-8b45-60634e634be1,625,6,2026-08-26,45700,INTERVIEWING,,2026-09-02 00:00:00,2026-10-02 19:10:56
1a9fb613-7442-4e81-a9e3-69d022fb9442,626,6,2026-09-29,58000,IN REVIEW,,2026-10-02 00:00:00,2026-10-02 19:10:56
4d5bf191-b7b4-476e-832f-9542ce571cee,627,6,2026-09-01,58300,IN REVIEW,,2026-09-18 00:00:00,2026-10-02 19:10:56
5acf329e-8695-466d-8627-d4c3de42a330,628,20,2026-09-04,64900,IN REVIEW,,2026-10-02 00:00:00,2026-10-02 19:10:56
c52adfbc-cae4-4f9c-8647-f90bcc47ccce,629,20,2026-08-31,52600,APPLIED,,,2026-10-02 19:10:56
82413080-3984-45df-9e52-c14bcc8bbfd8,630,20,2026-09-08,70800,REJECTED,,2026-10-02 00:00:00,2026-10-02 19:10:56
53c0e237-ac2f-42e0-8299-291b002e6814,631,20,2026-08-28,47000,IN REVIEW,,2026-09-26 00:00:00,2026-10-02 19:10:56
adbe35e8-7a7e-45d5-bea7-cdf1f6ed645f,632,20,2026-09-15,66000,IN REVIEW,,2026-10-02 00:00:00,2026-10-02 19:10:56
5265a6e8-d66e-4e4e-b14e-dd113224129c,633,20,2026-09-04,56600,APPLIED,,,2026-10-02 19:10:56
6ba4146e-9f40-4ccc-8616-067d1a951af2,634,20,2026-09-10,66700,INTERVIEWING,,2026-10-02 00:00:00,2026-10-02 19:10:56
f869ee07-f2a7-46e2-924e-ac687ddd897c,635,20,2026-09-02,56300,INTERVIEWING,,2026-10-02 00:00:00,2026-10-02 19:10:56
dc2daf03-9cf4-47a7-afa2-039de3d945c7,636,20,2026-08-27,51100,APPLIED,,,2026-10-02 19:10:56
e60cb05b-748e-4685-9194-44932f77dcc4,637,20,2026-09-04,62200,IN REVIEW,,2026-09-10 00:00:00,2026-10-02 19:10:56
382f8f2a-b19e-43c1-af71-8ca53e1241f5,638,20,2026-09-27,68100,APPLIED,,,2026-10-02 19:10:56
457cdd09-3982-4cb5-b9d3-d2d1402c5ba1,639,20,2026-09-15,48000,APPLIED,,,2026-10-02 19:10:56
626acba3-1f57-4bed-879b-2059fe26a08a,640,20,2026-09-06,61400,REJECTED,,2026-09-26 00:00:00,2026-10-02 19:10:56
56a00769-8bc6-454c-8331-e94d80c32078,641,20,2026-09-14,55300,INTERVIEWING,,2026-10-02 00:00:00,2026-10-02 19:10:56
a9d812d3-0631-45dd-895b-0c57875fdb21,642,20,2026-09-13,53800,REJECTED,,2026-10-02 00:00:00,2026-10-02 19:10:56
c09186af-e4d0-410f-8a7c-74255caa9f54,643,39,2026-09-13,33000,APPLIED,,,2026-10-02 19:10:56
8cda39c2-9fca-436b-a4bf-88019e52c13a,644,39,2026-09-27,34200,APPLIED,,,2026-10-02 19:10:56
4be2d83b-424a-43a2-b1f5-709ad7d2a222,645,39,2026-09-27,37500,IN REVIEW,,2026-10-02 00:00:00,2026-10-02 19:10:56
ffa277cb-b761-40ca-b176-231a11bdd272,646,39,2026-09-28,27000,REJECTED,,2026-10-02 00:00:00,2026-10-02 19:10:56
5b6ba6c8-ebc6-44b6-a5cc-6caf0626aaa0,647,39,2026-09-10,26500,REJECTED,,2026-10-02 00:00:00,2026-10-02 19:10:56
912d466b-7cdd-48b8-a4f9-b357dcf57fb2,648,39,2026-09-01,26900,IN REVIEW,,2026-09-05 00:00:00,2026-10-02 19:10:56
3853201f-975b-4c71-85d2-f9b7e23a8e94,649,39,2026-09-12,36100,REJECTED,,2026-09-27 00:00:00,2026-10-02 19:10:56
b3c74d08-79fb-46cc-a015-16dce1c1062c,650,39,2026-08-25,32400,APPLIED,,,2026-10-02 19:10:56
106f74b7-24ae-4647-9d35-34ece9531c21,651,39,2026-09-09,36200,REJECTED,,2026-10-02 00:00:00,2026-10-02 19:10:56
a5b19fe3-0264-4e3d-a166-44350779276f,652,39,2026-09-23,26600,INTERVIEWING,,2026-10-02 00:00:00,2026-10-02 19:10:56
a77ed2c1-2799-4cea-91f5-4afc2de7ac74,653,39,2026-09-12,34900,REJECTED,,2026-10-02 00:00:00,2026-10-02 19:10:56
dde5d5c7-ba8a-4e62-a1d9-b41b0df3e4f4,654,39,2026-09-18,28500,INTERVIEWING,,2026-10-02 00:00:00,2026-10-02 19:10:56
8d1eaac3-24d4-49d3-9ae0-c2a1709866c2,655,39,2026-09-01,27100,REJECTED,,2026-09-06 00:00:00,2026-10-02 19:10:56
d45d1dd5-9df3-4c33-b3dd-a1d249a0183d,656,39,2026-09-08,33200,REJECTED,,2026-10-02 00:00:00,2026-10-02 19:10:56
e696d66a-e69b-473b-b882-740fe8e27d2f,657,39,2026-09-03,37900,REJECTED,,2026-10-02 00:00:00,2026-10-02 19:10:56
bc655b68-5412-4fdf-b4a1-0afec3f51bc4,658,5,2026-09-30,26100,APPLIED,,,2026-10-02 19:10:56
331c1531-5a73-4f3c-bee7-d0727a0b6ec8,659,5,2026-09-14,26300,REJECTED,,2026-09-30 00:00:00,2026-10-02 19:10:56
43cd39ca-fd42-4beb-922a-f6f0132ce7d7,660,5,2026-09-28,38700,REJECTED,,2026-10-02 00:00:00,2026-10-02 19:10:56
f410225c-7761-4be8-8ce2-673ae061d57a,661,5,2026-08-27,41100,APPLIED,,,2026-10-02 19:10:56
eb2349b3-73e4-4614-af91-b9fdd04142d0,662,5,2026-09-10,27600,REJECTED,,2026-10-02 00:00:00,2026-10-02 19:10:56
0d541ba3-2b73-4704-9520-f37bb1b5d376,663,5,2026-09-22,44200,REJECTED,,2026-10-02 00:00:00,2026-10-02 19:10:56
3a4649fa-dc0b-4a94-920f-5081c05c34ab,664,5,2026-09-10,33900,REJECTED,,2026-09-13 00:00:00,2026-10-02 19:10:56
1b7074f5-1dee-4b42-a106-aeac7aeebd22,665,5,2026-09-24,41100,APPLIED,,,2026-10-02 19:10:56
ef7f9794-d5dd-44fe-9eef-28f5881f475d,666,5,2026-09-03,41100,APPLIED,,,2026-10-02 19:10:56
e79aa0f3-53b5-4053-8281-480836148602,667,5,2026-09-18,40700,APPLIED,,,2026-10-02 19:10:56
e275e5eb-eff1-440e-bac8-9067bd2967fb,668,5,2026-09-05,41500,APPLIED,,,2026-10-02 19:10:56
ffbc14d9-49c5-40ed-92ad-381a8a6f257b,669,5,2026-09-21,45500,IN REVIEW,,2026-10-02 00:00:00,2026-10-02 19:10:56
cc0c7bbb-38a2-40c7-811d-9e5023aa54d8,670,5,2026-09-14,40100,REJECTED,,2026-09-19 00:00:00,2026-10-02 19:10:56
a747e09e-6ef7-489b-8fee-e97c4e7517ae,671,5,2026-09-09,31900,IN REVIEW,,2026-09-19 00:00:00,2026-10-02 19:10:56
644977ca-0fb5-46e6-b13f-8ef72c3ea667,672,5,2026-09-25,44700,IN REVIEW,,2026-10-02 00:00:00,2026-10-02 19:10:56
93d5e6ef-5cca-4954-b357-93381014085f,673,5,2026-08-31,37400,REJECTED,,2026-10-02 00:00:00,2026-10-02 19:10:56
536940b9-a57e-41fe-93b0-034d974d4f6d,674,5,2026-09-05,26100,IN REVIEW,,2026-09-16 00:00:00,2026-10-02 19:10:56
ff4088d2-6a39-4a46-9a31-3d7f5f8f422b,675,5,2026-09-01,36000,REJECTED,,2026-10-02 00:00:00,2026-10-02 19:10:56
0ab51167-e2f6-46e2-a26b-89f2fb92b326,676,5,2026-09-06,36700,REJECTED,,2026-09-13 00:00:00,2026-10-02 19:10:56
a8c17e52-23db-445e-8ec3-db7294d684eb,677,5,2026-08-27,29800,REJECTED,,2026-09-12 00:00:00,2026-10-02 19:10:56
a03ed0b6-b527-4a3a-abad-5661fb9bb918,678,5,2026-09-25,41200,APPLIED,,,2026-10-02 19:10:56
38751276-6ff8-438c-8973-eb3492da2d63,679,1,2026-09-20,133700,APPLIED,,,2026-10-02 19:10:56
3ab72db8-f455-4714-8822-5e6a059821c0,680,1,2026-09-24,101800,INTERVIEWING,,2026-10-02 00:00:00,2026-10-02 19:10:56
9f9100f9-4e9b-4994-bc44-de03173a17ea,681,1,2026-09-13,125300,REJECTED,,2026-10-02 00:00:00,2026-10-02 19:10:56
bbb1bb34-967f-4848-ba6c-a083e2c0b115,682,1,2026-09-03,106900,IN REVIEW,,2026-09-19 00:00:00,2026-10-02 19:10:56
7f3337c6-7b29-47e8-aae8-b5fe24333c0d,683,1,2026-09-27,102100,APPLIED,,,2026-10-02 19:10:56
040e63f3-fe24-4fff-a25e-8659470e98a7,684,1,2026-09-27,110000,APPLIED,,,2026-10-02 19:10:56
538d542f-bd65-47ea-b5b0-b435d49996c4,685,1,2026-09-09,135500,REJECTED,,2026-10-02 00:00:00,2026-10-02 19:10:56
6a3add18-aa0c-4f74-b649-e64eee74917c,686,1,2026-09-27,108100,APPLIED,,,2026-10-02 19:10:56
a69d77d3-2e4e-4a56-b4c7-aa5c4d15ec1d,687,1,2026-09-02,98700,REJECTED,,2026-09-15 00:00:00,2026-10-02 19:10:56
fbad7585-c7eb-4121-aaf5-7513fc7a36a5,688,1,2026-09-29,134400,APPLIED,,,2026-10-02 19:10:56
01921cb9-01a0-4bda-8f2f-88017363c8d9,689,1,2026-09-13,102300,IN REVIEW,,2026-10-02 00:00:00,2026-10-02 19:10:56
e67758ff-8d1d-420b-bd1a-44185b29c810,690,1,2026-09-22,123300,APPLIED,,,2026-10-02 19:10:56
954f130d-de2a-4b56-b4d7-773c453be13d,691,1,2026-09-03,120000,REJECTED,,2026-09-27 00:00:00,2026-10-02 19:10:56
c0af9395-1826-4b2d-bdc6-6c5c98f08017,692,1,2026-09-11,91500,APPLIED,,,2026-10-02 19:10:56
62060f01-cc46-4fee-8c81-9fd6add68f8c,693,1,2026-09-05,138400,APPLIED,,,2026-10-02 19:10:56
524383f7-8344-46a5-a2f8-6960e76853e2,694,1,2026-09-03,97000,APPLIED,,,2026-10-02 19:10:56
5e031521-e213-4cb4-9bd8-dd7f3d32e04e,695,1,2026-09-07,100500,IN REVIEW,,2026-10-02 00:00:00,2026-10-02 19:10:56
2bfd9c96-aa6e-4c94-ac09-5f18d6afdfbb,696,1,2026-09-12,94300,APPLIED,,,2026-10-02 19:10:56
37ddb107-d05e-4fa3-acf3-9d96e33a674a,697,1,2026-09-07,97700,REJECTED,,2026-09-27 00:00:00,2026-10-02 19:10:56
df69f6fd-9878-4ec8-8154-1aee8235f13b,698,1,2026-09-14,111400,INTERVIEWING,,2026-10-02 00:00:00,2026-10-02 19:10:56
7b078d8d-ab9f-40d1-9ebf-a053baa3b6a7,699,1,2026-08-31,91800,APPLIED,,,2026-10-02 19:10:56
27e94c0e-450f-42fa-a5b9-644d33447d6e,700,1,2026-09-11,93800,APPLIED,,,2026-10-02 19:10:56
7132b088-3914-4d6b-93b3-1c58c640db45,701,37,2026-09-25,34400,REJECTED,,2026-10-02 00:00:00,2026-10-02 19:10:56
ba6990f8-1a19-4a44-9b47-702f186b35ae,702,37,2026-09-04,24900,IN REVIEW,,2026-09-22 00:00:00,2026-10-02 19:10:56
0d617fe8-a95a-4bf8-9cfa-6aae9949e3f1,703,37,2026-09-10,36000,INTERVIEWING,,2026-09-23 00:00:00,2026-10-02 19:10:56
b224d74c-b46b-44a4-ab86-a7eaf398e4c5,704,37,2026-09-05,32600,APPLIED,,,2026-10-02 19:10:56
6a3e100d-564e-4ecb-bb39-f210660c17e2,705,37,2026-09-19,26300,REJECTED,,2026-10-02 00:00:00,2026-10-02 19:10:56
f213ee96-429b-4f28-be43-3665036c5e09,706,37,2026-09-21,32500,IN REVIEW,,2026-10-02 00:00:00,2026-10-02 19:10:56
6d5c1ecd-030a-4311-aee3-2fb23729f14a,707,37,2026-09-07,25200,APPLIED,,,2026-10-02 19:10:56
01358b97-54e5-47a3-91ef-34b99a76bbe7,708,37,2026-09-18,25200,APPLIED,,,2026-10-02 19:10:56
31f28036-23fc-416f-8382-c6d24dd5dd0a,709,37,2026-09-04,31700,APPLIED,,,2026-10-02 19:10:56
61e4bbb0-e64f-4835-83f1-54761b485b14,710,37,2026-09-07,30200,APPLIED,,,2026-10-02 19:10:56
1a14bd45-4c95-4937-b3d5-3646e19763d4,711,37,2026-09-19,32200,INTERVIEWING,,2026-10-02 00:00:00,2026-10-02 19:10:56
bbf0170a-f05c-4d73-91a5-c7cb9acd8f5e,712,37,2026-09-03,28100,IN REVIEW,,2026-09-07 00:00:00,2026-10-02 19:10:56
b1a9b12c-cf88-4344-871e-a1f403d29b04,713,37,2026-09-06,32700,REJECTED,,2026-09-30 00:00:00,2026-10-02 19:10:56
7501e39a-1c3b-4309-8425-95b4fb2eca56,714,37,2026-09-30,28300,APPLIED,,,2026-10-02 19:10:56
c67d6b8e-3735-4b3b-90c2-3e9ff6b1ee2d,715,37,2026-09-30,25800,APPLIED,,,2026-10-02 19:10:56
27f7823c-2362-41cd-86fe-70089582c72f,716,37,2026-10-01,30700,REJECTED,,2026-10-02 00:00:00,2026-10-02 19:10:56
caddd02c-e4db-4caa-8937-b96b96e51227,717,37,2026-09-24,34600,REJECTED,,2026-10-02 00:00:00,2026-10-02 19:10:56
38954400-4b7d-468a-9b29-6c7bb47f7425,718,37,2026-09-07,36100,APPLIED,,,2026-10-02 19:10:56
2f906057-d032-4801-8d33-7251eef93111,719,37,2026-09-29,32900,REJECTED,,2026-10-02 00:00:00,2026-10-02 19:10:56
a275993a-ba8c-4dd9-80cf-ca0613053f9a,720,37,2026-09-19,27100,REJECTED,,2026-10-02 00:00:00,2026-10-02 19:10:56
391d144a-9750-4099-87d4-00de2cb39047,721,10,2026-09-27,76100,IN REVIEW,,2026-10-02 00:00:00,2026-10-02 19:10:56
c176aa74-9194-45b6-a0b3-4d2d904ba5ba,722,10,2026-09-30,73100,APPLIED,,,2026-10-02 19:10:56
ffacfc0c-8abd-4dda-ab6f-8abf46e7f1db,723,10,2026-10-01,70200,REJECTED,,2026-10-02 00:00:00,2026-10-02 19:10:56
5f255952-76b2-4cc4-8e14-b0cc67fdbc3e,724,10,2026-09-26,77300,IN REVIEW,,2026-10-02 00:00:00,2026-10-02 19:10:56
2fffd25c-0dc6-4696-b013-bf61bba1f4f0,725,10,2026-09-26,70300,REJECTED,,2026-10-02 00:00:00,2026-10-02 19:10:56
91fba750-7321-4d7d-a84b-6bef36895653,726,10,2026-09-04,75900,IN REVIEW,,2026-10-02 00:00:00,2026-10-02 19:10:56
be45883c-e233-4a6c-b58c-d26b954b5e5e,727,10,2026-09-06,76600,APPLIED,,,2026-10-02 19:10:56
f768a533-681a-4883-a178-862b81502766,728,10,2026-09-24,71200,REJECTED,,2026-10-02 00:00:00,2026-10-02 19:10:56
49df4cfe-d955-449c-b751-309250a1c408,729,10,2026-09-23,78300,REJECTED,,2026-09-26 00:00:00,2026-10-02 19:10:56
93bc3e24-4280-4b90-aff7-7cc2bcb5ca0e,730,10,2026-09-25,73400,REJECTED,,2026-10-02 00:00:00,2026-10-02 19:10:56
6577ad80-d7e6-48a0-89b6-44dd16aa859a,731,10,2026-09-22,76200,REJECTED,,2026-10-02 00:00:00,2026-10-02 19:10:56
a8e450e9-1d10-4ba9-87c5-559c535e8cd2,732,10,2026-09-13,73400,REJECTED,,2026-10-02 00:00:00,2026-10-02 19:10:56
d9895b34-d30b-4ebf-a80f-11cfe1fe874c,733,10,2026-09-06,88700,APPLIED,,,2026-10-02 19:10:56
35fd23da-9405-4690-aa4b-ae4797d91c4a,734,10,2026-09-28,68800,APPLIED,,,2026-10-02 19:10:56
045a9a7e-f6b5-4741-bcbe-bf5a97a3d7aa,735,10,2026-09-16,84100,REJECTED,,2026-10-02 00:00:00,2026-10-02 19:10:56
6af48997-6028-4b1a-ab6a-19a33e0eaa9e,736,10,2026-09-16,78100,REJECTED,,2026-10-02 00:00:00,2026-10-02 19:10:56
8bef1d13-9213-4255-a458-4089da08a1c7,737,10,2026-09-23,65900,APPLIED,,,2026-10-02 19:10:56
88599e6b-d747-4fd8-8661-e7fc0f3307ce,738,10,2026-09-28,89200,APPLIED,,,2026-10-02 19:10:56
5635548c-87bf-4126-b528-fb92e9a3e045,739,10,2026-09-26,63100,IN REVIEW,,2026-10-02 00:00:00,2026-10-02 19:10:56
1a905913-3176-48cd-977b-e92e843abcea,740,10,2026-09-27,64900,IN REVIEW,,2026-10-02 00:00:00,2026-10-02 19:10:56
773d79d3-9f83-4459-9c3b-fc42043dab6f,741,10,2026-09-15,79900,REJECTED,,2026-10-02 00:00:00,2026-10-02 19:10:56
70673750-4505-465a-a00c-41f149b6e54f,742,10,2026-09-28,76100,REJECTED,,2026-10-02 00:00:00,2026-10-02 19:10:56
b210a372-97cc-4d5d-a283-446c49c39be8,743,10,2026-09-07,72500,APPLIED,,,2026-10-02 19:10:56
484767d6-b315-4388-b86d-9edcde83de55,744,10,2026-09-08,85500,IN REVIEW,,2026-09-22 00:00:00,2026-10-02 19:10:56
ba73ec6e-1dfa-4758-9fcf-2254bf5c3e53,745,10,2026-09-14,73600,REJECTED,,2026-10-02 00:00:00,2026-10-02 19:10:56
9c45efa5-b000-461b-bcc2-d32ae2269ca9,746,33,2026-09-08,65200,APPLIED,,,2026-10-02 19:10:56
de89329a-67ef-464a-95fd-f5fececea360,747,33,2026-09-10,61100,APPLIED,,,2026-10-02 19:10:56
de80d28a-26c5-4cc0-a9dd-b4ef17299a50,748,33,2026-09-08,53100,REJECTED,,2026-10-02 00:00:00,2026-10-02 19:10:56
241d9a91-1582-4e48-b8a5-8ec805463858,749,33,2026-09-05,54500,IN REVIEW,,2026-10-01 00:00:00,2026-10-02 19:10:56
39e96863-22e2-485e-9a33-491ae0944767,750,33,2026-09-18,68100,REJECTED,,2026-10-02 00:00:00,2026-10-02 19:10:56
888bb758-b347-4250-be6a-0c521d45e03e,751,33,2026-09-23,54300,REJECTED,,2026-10-02 00:00:00,2026-10-02 19:10:56
5f352f74-28ba-4d67-8751-0d1f04368a8a,752,33,2026-09-26,66900,REJECTED,,2026-09-29 00:00:00,2026-10-02 19:10:56
4542e06d-3a29-4e3e-aa5e-e7241750d73e,753,33,2026-09-08,74100,APPLIED,,,2026-10-02 19:10:56
e5fa3db8-4373-49e6-8abb-558344652843,754,33,2026-09-13,58700,IN REVIEW,,2026-10-02 00:00:00,2026-10-02 19:10:56
326c4f0f-cf24-40c4-bd59-58858fd17507,755,33,2026-09-05,56500,REJECTED,,2026-10-02 00:00:00,2026-10-02 19:10:56
9b6c9743-8c53-42fd-950e-7fa16c4a9682,756,33,2026-09-23,76700,IN REVIEW,,2026-10-02 00:00:00,2026-10-02 19:10:56
34cfc04a-3fe5-45d1-8dfe-9cf783bc9674,757,33,2026-09-18,70700,APPLIED,,,2026-10-02 19:10:56
30cf01b8-be4c-4fcf-bf20-4b81be22564a,758,33,2026-09-08,71200,REJECTED,,2026-09-24 00:00:00,2026-10-02 19:10:56
479eece4-c21b-4801-b26a-4d445013e94d,759,33,2026-09-13,62600,REJECTED,,2026-09-27 00:00:00,2026-10-02 19:10:56
e8799e41-9c7d-4048-a84f-b45b63071b0f,760,33,2026-09-05,76100,APPLIED,,,2026-10-02 19:10:56
576a4c1c-c814-4ede-962c-ec67a3ff5df9,761,33,2026-09-24,70000,REJECTED,,2026-10-02 00:00:00,2026-10-02 19:10:56
6e4d92bf-c596-45b9-869a-09d8f6306b75,762,33,2026-09-11,64700,IN REVIEW,,2026-09-22 00:00:00,2026-10-02 19:10:56
37a7e303-d76b-4f77-ade3-877e909ae528,763,7,2026-09-17,64200,REJECTED,,2026-10-02 00:00:00,2026-10-02 19:10:56
39b3140b-1383-47f6-9140-fa956652d328,764,7,2026-09-27,65100,REJECTED,,2026-10-02 00:00:00,2026-10-02 19:10:56
a0f3102b-ce70-4084-b806-c6281cce9e19,765,7,2026-09-17,71900,IN REVIEW,,2026-10-02 00:00:00,2026-10-02 19:10:56
35eceac7-10c6-46e6-a9e8-7ec20a07ee4d,766,7,2026-09-13,84300,APPLIED,,,2026-10-02 19:10:56
f509d9c9-ebf3-4e12-891a-648c00135e85,767,7,2026-09-18,74600,APPLIED,,,2026-10-02 19:10:56
fa5421e9-b3fb-4fb8-9a3e-d63c7fa00579,768,7,2026-09-11,74500,APPLIED,,,2026-10-02 19:10:56
ffbd1043-5c8e-42cb-98be-396233c71693,769,7,2026-09-21,68800,APPLIED,,,2026-10-02 19:10:56
fcf74c36-0853-4481-a7e1-86eda020edbb,770,7,2026-09-15,74500,IN REVIEW,,2026-10-01 00:00:00,2026-10-02 19:10:56
bb6e6d1a-4934-40af-baa5-85e4bb121d39,771,7,2026-09-27,63200,APPLIED,,,2026-10-02 19:10:56
ec8b0a3f-0e2e-4364-a55e-42781f172e5c,772,7,2026-09-12,64500,APPLIED,,,2026-10-02 19:10:56
1407d748-9e8c-4f54-ad9c-4b8c5a05bdf3,773,7,2026-09-21,88700,IN REVIEW,,2026-09-30 00:00:00,2026-10-02 19:10:56
6b0eb3bc-82ef-47ac-9cac-b131eb6a4afb,774,7,2026-09-24,63400,REJECTED,,2026-10-02 00:00:00,2026-10-02 19:10:56
8d82b440-766f-4927-aec6-92beb953adac,775,7,2026-09-26,65200,IN REVIEW,,2026-10-02 00:00:00,2026-10-02 19:10:56
d7db1aed-b8a1-4098-ac34-dc294e3aa2a4,776,7,2026-09-15,85000,APPLIED,,,2026-10-02 19:10:56
a6ba09f9-5e01-47d8-9514-10e9624c8897,777,7,2026-09-24,66800,IN REVIEW,,2026-10-02 00:00:00,2026-10-02 19:10:56
baa530e0-f447-4749-8c71-e432eab66bd4,778,7,2026-09-26,82300,APPLIED,,,2026-10-02 19:10:56
6716459b-e045-4a36-ac03-d2c9f7f35d38,779,7,2026-09-20,73900,IN REVIEW,,2026-10-02 00:00:00,2026-10-02 19:10:56
6483a878-2fd2-4b57-9ea6-2df44262d391,780,7,2026-09-18,70700,IN REVIEW,,2026-10-02 00:00:00,2026-10-02 19:10:56
7c309218-bc02-441c-a6aa-61d04dfb0a7f,781,7,2026-09-18,64100,INTERVIEWING,,2026-10-02 00:00:00,2026-10-02 19:10:56
13785bc8-7d94-4527-9df8-5f5e24efa1df,782,7,2026-09-11,80200,INTERVIEWING,,2026-09-15 00:00:00,2026-10-02 19:10:56
fc5a45e3-7773-4b1d-8b8b-ab142d8fbfe1,783,7,2026-09-26,68100,INTERVIEWING,,2026-10-02 00:00:00,2026-10-02 19:10:56
f3133eae-1280-4e89-a631-b18ef566f40f,784,7,2026-09-20,76300,IN REVIEW,,2026-09-24 00:00:00,2026-10-02 19:10:56
26c1b1bc-24c9-4c94-b741-e6ab784f597c,785,7,2026-09-24,87900,REJECTED,,2026-10-02 00:00:00,2026-10-02 19:10:56
30484438-94b3-4c07-932c-0c51244d6b94,786,7,2026-09-22,78200,INTERVIEWING,,2026-10-02 00:00:00,2026-10-02 19:10:56
ed5288f9-59ae-4d76-9db8-d2244dbde44c,787,7,2026-09-15,86100,IN REVIEW,,2026-10-02 00:00:00,2026-10-02 19:10:56
d36eea84-4c3b-4371-b988-c67c73a8689e,788,34,2026-09-25,96600,REJECTED,,2026-10-02 00:00:00,2026-10-02 19:10:56
3574e0f2-8cf1-46dd-aee5-420cd6d93b49,789,34,2026-09-23,134100,APPLIED,,,2026-10-02 19:10:56
5505ec64-b829-46b0-8fc6-7a153b96aeb2,790,34,2026-09-24,91500,APPLIED,,,2026-10-02 19:10:56
7f20b69d-88b5-419c-b3dc-f8741a47ea06,791,34,2026-09-30,93000,IN REVIEW,,2026-10-02 00:00:00,2026-10-02 19:10:56
0b4e3d64-9467-4baa-83e7-f0f97920fdac,792,34,2026-09-23,106900,APPLIED,,,2026-10-02 19:10:56
27b9a9d7-720d-41c7-8fde-a987ecb88d6a,793,34,2026-09-28,114000,APPLIED,,,2026-10-02 19:10:56
e06faa2f-fe29-4171-9fd0-2114355f6ee5,794,34,2026-09-27,111300,APPLIED,,,2026-10-02 19:10:56
3aa40eb6-435b-4f37-b82d-e41d8d35e8cc,795,34,2026-09-28,133600,REJECTED,,2026-10-02 00:00:00,2026-10-02 19:10:56
9eb91c1d-5bbd-48d2-a6ae-c3d9a2b23361,796,34,2026-09-26,114600,REJECTED,,2026-10-02 00:00:00,2026-10-02 19:10:56
708c53d5-51e7-40af-8906-5c3bdc5fa0ca,797,34,2026-09-25,123800,REJECTED,,2026-10-02 00:00:00,2026-10-02 19:10:56
42dc61c9-5617-406f-971b-ce929733e0e9,798,34,2026-09-29,131700,APPLIED,,,2026-10-02 19:10:56
500f0205-a74b-401c-a731-d46cb612ecba,799,34,2026-09-26,130000,REJECTED,,2026-10-02 00:00:00,2026-10-02 19:10:56
fd9f7848-4aa4-4ccd-90eb-9f2ae7fcb5a7,800,34,2026-10-01,120300,REJECTED,,2026-10-02 00:00:00,2026-10-02 19:10:56
3543e28f-7aee-4382-a802-62826b9c54ad,801,34,2026-09-23,115900,IN REVIEW,,2026-10-02 00:00:00,2026-10-02 19:10:56
3b437283-9a79-4be8-b9ca-7cd6d5c11c49,802,34,2026-10-01,86600,APPLIED,,,2026-10-02 19:10:56
