job_id,title,department_id,location,required_experience_years,offered_salary_min,offered_salary_max,status,created_at
1,Chief Technology Officer,56,Remote / HQ,2,73289,81827,OPEN,2026-08-17 22:24:22
2,"Designer, furniture",480,Remote / HQ,3,66882,127000,OPEN,2026-08-17 22:24:22
3,"Sound technician, broadcasting/film/video",406,Remote / HQ,6,69067,83715,OPEN,2026-08-17 22:24:22
4,Air cabin crew,273,Remote / HQ,7,67831,124399,OPEN,2026-08-17 22:24:22
5,Art therapist,269,Remote / HQ,5,66425,80153,OPEN,2026-08-17 22:24:22
6,"Engineer, electronics",533,Remote / HQ,7,69343,118867,OPEN,2026-08-17 22:24:22
7,"Scientist, research (maths)",54,Remote / HQ,6,50203,96420,OPEN,2026-08-17 22:24:22
8,"Teacher, primary school",433,Remote / HQ,4,71636,105883,OPEN,2026-08-17 22:24:22
9,Phytotherapist,125,Remote / HQ,6,68496,94111,OPEN,2026-08-17 22:24:22
10,"Pilot, airline",59,Remote / HQ,3,68485,104530,OPEN,2026-08-17 22:24:22
11,Theatre director,327,Remote / HQ,4,59835,102578,OPEN,2026-08-17 22:24:22
12,Corporate treasurer,605,Remote / HQ,4,70021,106487,OPEN,2026-08-17 22:24:22
13,Accounting technician,457,Remote / HQ,7,59545,99664,OPEN,2026-08-17 22:24:22
14,Learning disability nurse,472,Remote / HQ,6,51224,106828,OPEN,2026-08-17 22:24:22
15,Web designer,445,Remote / HQ,4,72695,121272,OPEN,2026-08-17 22:24:22
16,"Scientist, research (physical sciences)",488,Remote / HQ,5,55863,101728,OPEN,2026-08-17 22:24:22
17,Higher education lecturer,319,Remote / HQ,2,52547,98068,OPEN,2026-08-17 22:24:22
18,"Merchandiser, retail",80,Remote / HQ,6,65547,86587,OPEN,2026-08-17 22:24:22
19,"Buyer, retail",521,Remote / HQ,4,55841,97985,OPEN,2026-08-17 22:24:22
20,Water quality scientist,280,Remote / HQ,4,71453,86283,OPEN,2026-08-17 22:24:22
21,"Optician, dispensing",311,Remote / HQ,6,61093,89125,OPEN,2026-08-17 22:24:22
22,"Scientist, marine",230,Remote / HQ,5,50112,127612,OPEN,2026-08-17 22:24:22
23,Armed forces technical officer,114,Remote / HQ,1,73792,84470,OPEN,2026-08-17 22:24:22
24,Herpetologist,575,Remote / HQ,3,62865,104101,OPEN,2026-08-17 22:24:22
25,"Production assistant, radio",485,Remote / HQ,2,56574,121715,OPEN,2026-08-17 22:24:22
26,Publishing rights manager,400,Remote / HQ,6,66932,127660,OPEN,2026-08-17 22:24:22
27,"Designer, television/film set",250,Remote / HQ,1,63265,87335,OPEN,2026-08-17 22:24:22
28,"Designer, jewellery",511,Remote / HQ,2,50740,88178,OPEN,2026-08-17 22:24:22
29,Media buyer,339,Remote / HQ,5,68991,98629,OPEN,2026-08-17 22:24:22
30,"Designer, textile",275,Remote / HQ,5,60033,107720,OPEN,2026-08-17 22:24:22
31,Commercial horticulturist,280,Remote / HQ,4,67495,127990,OPEN,2026-08-17 22:24:22
32,Food technologist,141,Remote / HQ,7,72390,90385,OPEN,2026-08-17 22:24:22
33,Chartered accountant,58,Remote / HQ,7,65265,88219,OPEN,2026-08-17 22:24:22
34,"Surveyor, rural practice",344,Remote / HQ,1,66790,92659,OPEN,2026-08-17 22:24:22
35,Dance movement psychotherapist,551,Remote / HQ,7,56366,123715,OPEN,2026-08-17 22:24:22
36,Event organiser,40,Remote / HQ,5,55941,81502,OPEN,2026-08-17 22:24:22
37,"Psychologist, clinical",533,Remote / HQ,5,60375,99006,OPEN,2026-08-17 22:24:22
38,Dispensing optician,514,Remote / HQ,1,71319,85947,OPEN,2026-08-17 22:24:22
39,Health service manager,172,Remote / HQ,5,63104,87853,OPEN,2026-08-17 22:24:22
40,Clinical cytogeneticist,392,Remote / HQ,6,58700,125842,OPEN,2026-08-17 22:24:22
41,Sports administrator,103,Remote / HQ,5,69490,80083,OPEN,2026-08-17 22:24:22
42,"Therapist, nutritional",471,Remote / HQ,1,71333,96076,OPEN,2026-08-17 22:24:22
43,Barrister's clerk,435,Remote / HQ,4,72563,125771,OPEN,2026-08-17 22:24:22
44,Therapeutic radiographer,220,Remote / HQ,7,57473,110406,OPEN,2026-08-17 22:24:22
45,"Scientist, research (medical)",43,Remote / HQ,6,67741,83587,OPEN,2026-08-17 22:24:22
46,"Surveyor, land/geomatics",602,Remote / HQ,1,64758,103250,OPEN,2026-08-17 22:24:22
47,"Surveyor, hydrographic",277,Remote / HQ,7,61224,128547,OPEN,2026-08-17 22:24:22
48,Land/geomatics surveyor,554,Remote / HQ,7,59923,100022,OPEN,2026-08-17 22:24:22
49,Data processing manager,421,Remote / HQ,2,52863,106431,OPEN,2026-08-17 22:24:22
50,Paediatric nurse,483,Remote / HQ,6,56870,106594,OPEN,2026-08-17 22:24:22
51,Chief of Staff,472,Remote / HQ,3,63741,113022,OPEN,2026-08-17 22:24:22
52,Site engineer,121,Remote / HQ,5,72163,89361,OPEN,2026-08-17 22:24:22
53,Armed forces operational officer,226,Remote / HQ,4,71658,121984,OPEN,2026-08-17 22:24:22
54,Learning mentor,290,Remote / HQ,6,54689,129430,OPEN,2026-08-17 22:24:22
55,Press photographer,309,Remote / HQ,7,66983,87127,OPEN,2026-08-17 22:24:22
56,"Journalist, magazine",28,Remote / HQ,6,52120,120915,OPEN,2026-08-17 22:24:22
57,"Geneticist, molecular",339,Remote / HQ,7,66875,120845,OPEN,2026-08-17 22:24:22
58,"Accountant, chartered management",96,Remote / HQ,7,58548,117080,OPEN,2026-08-17 22:24:22
59,Insurance broker,461,Remote / HQ,1,61246,98543,OPEN,2026-08-17 22:24:22
60,Sports therapist,424,Remote / HQ,2,67940,103437,OPEN,2026-08-17 22:24:22
61,"Research officer, government",572,Remote / HQ,6,60622,121960,OPEN,2026-08-17 22:24:22
62,"Engineer, control and instrumentation",462,Remote / HQ,5,70185,87643,OPEN,2026-08-17 22:24:22
63,Tree surgeon,228,Remote / HQ,1,63339,121437,OPEN,2026-08-17 22:24:22
64,Heritage manager,600,Remote / HQ,1,74968,126033,OPEN,2026-08-17 22:24:22
65,"Engineer, building services",255,Remote / HQ,4,65956,114093,OPEN,2026-08-17 22:24:22
66,Exhibition designer,203,Remote / HQ,5,57409,97069,OPEN,2026-08-17 22:24:22
67,Waste management officer,562,Remote / HQ,2,69382,107957,OPEN,2026-08-17 22:24:22
68,Oncologist,230,Remote / HQ,2,60198,82505,OPEN,2026-08-17 22:24:22
69,Structural engineer,48,Remote / HQ,1,63354,126590,OPEN,2026-08-17 22:24:22
70,"Production assistant, television",292,Remote / HQ,4,53420,97120,OPEN,2026-08-17 22:24:22
71,"Surveyor, planning and development",494,Remote / HQ,1,52983,82854,OPEN,2026-08-17 22:24:22
72,Petroleum engineer,118,Remote / HQ,5,64371,119722,OPEN,2026-08-17 22:24:22
73,Academic librarian,288,Remote / HQ,4,54667,112877,OPEN,2026-08-17 22:24:22
74,Arts development officer,81,Remote / HQ,4,74939,111135,OPEN,2026-08-17 22:24:22
75,"Development worker, community",426,Remote / HQ,5,71391,82704,OPEN,2026-08-17 22:24:22
76,Commercial art gallery manager,295,Remote / HQ,4,67522,117541,OPEN,2026-08-17 22:24:22
77,Secondary school teacher,205,Remote / HQ,6,68367,111865,OPEN,2026-08-17 22:24:22
78,Financial controller,141,Remote / HQ,6,64880,119681,OPEN,2026-08-17 22:24:22
79,Brewing technologist,350,Remote / HQ,7,51507,121366,OPEN,2026-08-17 22:24:22
80,Chartered legal executive (England and Wales),416,Remote / HQ,6,59809,90597,OPEN,2026-08-17 22:24:22
81,Optometrist,583,Remote / HQ,4,62395,90531,OPEN,2026-08-17 22:24:22
82,"Engineer, site",272,Remote / HQ,4,72882,126189,OPEN,2026-08-17 22:24:22
83,Barista,100,Remote / HQ,2,55487,106551,OPEN,2026-08-17 22:24:22
84,Patent attorney,517,Remote / HQ,5,62422,101899,OPEN,2026-08-17 22:24:22
85,"Engineer, civil (contracting)",391,Remote / HQ,1,58601,94360,OPEN,2026-08-17 22:24:22
86,"Nurse, mental health",435,Remote / HQ,7,53359,111950,OPEN,2026-08-17 22:24:22
87,"Doctor, general practice",61,Remote / HQ,6,52575,117697,OPEN,2026-08-17 22:24:22
88,Furniture designer,194,Remote / HQ,1,59134,80115,OPEN,2026-08-17 22:24:22
89,Radio broadcast assistant,477,Remote / HQ,6,52060,107631,OPEN,2026-08-17 22:24:22
90,Technical sales engineer,517,Remote / HQ,1,51679,129668,OPEN,2026-08-17 22:24:22
91,Glass blower/designer,270,Remote / HQ,6,58771,94032,OPEN,2026-08-17 22:24:22
92,Marine scientist,499,Remote / HQ,1,55049,94044,OPEN,2026-08-17 22:24:22
93,Hospital pharmacist,522,Remote / HQ,4,63870,123906,OPEN,2026-08-17 22:24:22
94,Counselling psychologist,241,Remote / HQ,5,50441,83103,OPEN,2026-08-17 22:24:22
95,Best boy,557,Remote / HQ,6,57545,99876,OPEN,2026-08-17 22:24:22
96,Town planner,179,Remote / HQ,3,61331,102913,OPEN,2026-08-17 22:24:22
97,Tourism officer,149,Remote / HQ,7,74078,119893,OPEN,2026-08-17 22:24:22
98,Podiatrist,424,Remote / HQ,6,65863,86451,OPEN,2026-08-17 22:24:22
99,Actuary,395,Remote / HQ,2,72017,101702,OPEN,2026-08-17 22:24:22
100,Patent examiner,87,Remote / HQ,5,58582,87616,OPEN,2026-08-17 22:24:22
101,Land,517,Remote / HQ,6,61242,119381,OPEN,2026-08-17 22:24:22
102,Commissioning editor,124,Remote / HQ,3,60509,111614,OPEN,2026-08-17 22:24:22
103,Neurosurgeon,500,Remote / HQ,6,72184,104836,OPEN,2026-08-17 22:24:22
104,Press sub,5,Remote / HQ,7,73980,99646,OPEN,2026-08-17 22:24:22
105,Charity fundraiser,495,Remote / HQ,6,74058,87658,OPEN,2026-08-17 22:24:22
106,Recycling officer,488,Remote / HQ,6,68799,126092,OPEN,2026-08-17 22:24:22
107,Art gallery manager,484,Remote / HQ,5,62577,112383,OPEN,2026-08-17 22:24:22
108,Restaurant manager,413,Remote / HQ,2,63521,95957,OPEN,2026-08-17 22:24:22
109,Naval architect,293,Remote / HQ,6,74512,100696,OPEN,2026-08-17 22:24:22
110,"Scientist, forensic",438,Remote / HQ,3,57113,116309,OPEN,2026-08-17 22:24:22
111,IT trainer,172,Remote / HQ,4,58667,115978,OPEN,2026-08-17 22:24:22
112,Psychotherapist,485,Remote / HQ,3,72424,103054,OPEN,2026-08-17 22:24:22
113,Radiation protection practitioner,345,Remote / HQ,3,59658,95145,OPEN,2026-08-17 22:24:22
114,"Designer, fashion/clothing",285,Remote / HQ,2,55877,112997,OPEN,2026-08-17 22:24:22
115,"Therapist, occupational",314,Remote / HQ,7,64011,112911,OPEN,2026-08-17 22:24:22
116,Catering manager,353,Remote / HQ,2,58133,109984,OPEN,2026-08-17 22:24:22
117,Chief Strategy Officer,24,Remote / HQ,1,72271,83642,OPEN,2026-08-17 22:24:22
118,Regulatory affairs officer,87,Remote / HQ,7,72726,103639,OPEN,2026-08-17 22:24:22
119,Paramedic,153,Remote / HQ,4,57650,110695,OPEN,2026-08-17 22:24:22
120,English as a foreign language teacher,72,Remote / HQ,4,63238,127503,OPEN,2026-08-17 22:24:22
121,Purchasing manager,273,Remote / HQ,6,74599,106278,OPEN,2026-08-17 22:24:22
122,Diagnostic radiographer,415,Remote / HQ,3,68557,97135,OPEN,2026-08-17 22:24:22
123,Cartographer,406,Remote / HQ,1,55390,107789,OPEN,2026-08-17 22:24:22
124,"Accountant, chartered certified",293,Remote / HQ,6,64768,88861,OPEN,2026-08-17 22:24:22
125,Trade mark attorney,531,Remote / HQ,2,65497,84534,OPEN,2026-08-17 22:24:22
126,Police officer,351,Remote / HQ,4,66335,113904,OPEN,2026-08-17 22:24:22
127,Transport planner,50,Remote / HQ,7,50625,129309,OPEN,2026-08-17 22:24:22
128,Scientific laboratory technician,475,Remote / HQ,7,57484,122300,OPEN,2026-08-17 22:24:22
129,Trade union research officer,357,Remote / HQ,3,71365,109183,OPEN,2026-08-17 22:24:22
130,Freight forwarder,394,Remote / HQ,6,56034,82012,OPEN,2026-08-17 22:24:22
131,Warden/ranger,351,Remote / HQ,5,57492,129398,OPEN,2026-08-17 22:24:22
132,"Programme researcher, broadcasting/film/video",344,Remote / HQ,4,58062,102481,OPEN,2026-08-17 22:24:22
133,"Engineer, manufacturing systems",57,Remote / HQ,1,54434,94483,OPEN,2026-08-17 22:24:22
134,Civil Service fast streamer,347,Remote / HQ,3,53886,124624,OPEN,2026-08-17 22:24:22
135,Tour manager,493,Remote / HQ,5,58675,117320,OPEN,2026-08-17 22:24:22
136,Human resources officer,189,Remote / HQ,7,71857,117480,OPEN,2026-08-17 22:24:22
137,Quantity surveyor,374,Remote / HQ,1,50038,93887,OPEN,2026-08-17 22:24:22
138,Aid worker,20,Remote / HQ,6,57081,129590,OPEN,2026-08-17 22:24:22
139,Dentist,216,Remote / HQ,6,51515,102643,OPEN,2026-08-17 22:24:22
140,Public librarian,271,Remote / HQ,7,64037,106570,OPEN,2026-08-17 22:24:22
141,Product manager,610,Remote / HQ,3,56265,117547,OPEN,2026-08-17 22:24:22
142,Seismic interpreter,134,Remote / HQ,1,69799,112999,OPEN,2026-08-17 22:24:22
143,Multimedia specialist,172,Remote / HQ,2,64625,88614,OPEN,2026-08-17 22:24:22
144,Emergency planning/management officer,254,Remote / HQ,6,69595,95124,OPEN,2026-08-17 22:24:22
145,Records manager,616,Remote / HQ,7,65872,98059,OPEN,2026-08-17 22:24:22
146,Broadcast engineer,530,Remote / HQ,5,60959,127376,OPEN,2026-08-17 22:24:22
147,Ambulance person,22,Remote / HQ,1,71524,115725,OPEN,2026-08-17 22:24:22
148,Manufacturing systems engineer,146,Remote / HQ,1,61906,98316,OPEN,2026-08-17 22:24:22
149,Licensed conveyancer,510,Remote / HQ,4,73748,116736,OPEN,2026-08-17 22:24:22
150,Pension scheme manager,37,Remote / HQ,5,74867,116925,OPEN,2026-08-17 22:24:22
151,"Engineer, agricultural",531,Remote / HQ,1,64725,99711,OPEN,2026-08-17 22:24:22
152,"Nurse, learning disability",175,Remote / HQ,5,66864,100157,OPEN,2026-08-17 22:24:22
153,Retail banker,569,Remote / HQ,4,56391,124714,OPEN,2026-08-17 22:24:22
154,"Engineer, maintenance",183,Remote / HQ,1,70365,108090,OPEN,2026-08-17 22:24:22
155,"Buyer, industrial",270,Remote / HQ,1,66789,87475,OPEN,2026-08-17 22:24:22
156,Film/video editor,411,Remote / HQ,4,72563,115989,OPEN,2026-08-17 22:24:22
157,Sports development officer,79,Remote / HQ,6,56675,109478,OPEN,2026-08-17 22:24:22
158,Airline pilot,346,Remote / HQ,6,69689,105446,OPEN,2026-08-17 22:24:22
159,Clinical molecular geneticist,314,Remote / HQ,4,61756,116255,OPEN,2026-08-17 22:24:22
160,Architect,487,Remote / HQ,3,54629,125354,OPEN,2026-08-17 22:24:22
161,Educational psychologist,618,Remote / HQ,7,54279,96521,OPEN,2026-08-17 22:24:22
162,Electrical engineer,412,Remote / HQ,4,64054,100965,OPEN,2026-08-17 22:24:22
163,Editorial assistant,254,Remote / HQ,3,57986,89474,OPEN,2026-08-17 22:24:22
164,"Scientist, clinical (histocompatibility and immunogenetics)",252,Remote / HQ,4,52547,112353,OPEN,2026-08-17 22:24:22
165,Financial adviser,260,Remote / HQ,1,60678,100135,OPEN,2026-08-17 22:24:22
166,Engineering geologist,505,Remote / HQ,3,66323,97118,OPEN,2026-08-17 22:24:22
167,Osteopath,200,Remote / HQ,4,57973,114826,OPEN,2026-08-17 22:24:22
168,"Teacher, secondary school",104,Remote / HQ,7,73883,100407,OPEN,2026-08-17 22:24:22
169,Clinical biochemist,208,Remote / HQ,6,69488,103218,OPEN,2026-08-17 22:24:22
170,"Scientist, product/process development",15,Remote / HQ,6,62818,102002,OPEN,2026-08-17 22:24:22
171,"Teacher, special educational needs",66,Remote / HQ,4,73366,92926,OPEN,2026-08-17 22:24:22
172,"Psychologist, sport and exercise",56,Remote / HQ,1,60824,86290,OPEN,2026-08-17 22:24:22
173,Print production planner,479,Remote / HQ,3,53491,121361,OPEN,2026-08-17 22:24:22
174,Garment/textile technologist,448,Remote / HQ,7,50896,84586,OPEN,2026-08-17 22:24:22
175,"Scientist, research (life sciences)",432,Remote / HQ,1,73450,96243,OPEN,2026-08-17 22:24:22
176,Textile designer,287,Remote / HQ,7,73994,113374,OPEN,2026-08-17 22:24:22
177,Research scientist (medical),445,Remote / HQ,5,68481,86564,OPEN,2026-08-17 22:24:22
178,Games developer,100,Remote / HQ,2,52575,112775,OPEN,2026-08-17 22:24:22
179,Archaeologist,559,Remote / HQ,6,57341,116653,OPEN,2026-08-17 22:24:22
180,Clothing/textile technologist,311,Remote / HQ,6,51026,113145,OPEN,2026-08-17 22:24:22
181,Agricultural engineer,582,Remote / HQ,1,51281,95251,OPEN,2026-08-17 22:24:22
182,"Geologist, engineering",95,Remote / HQ,1,56151,80988,OPEN,2026-08-17 22:24:22
183,Commercial/residential surveyor,309,Remote / HQ,5,64303,124367,OPEN,2026-08-17 22:24:22
184,Geochemist,432,Remote / HQ,7,51638,96327,OPEN,2026-08-17 22:24:22
185,"Engineer, energy",308,Remote / HQ,1,74615,120250,OPEN,2026-08-17 22:24:22
186,Personnel officer,277,Remote / HQ,5,61377,89890,OPEN,2026-08-17 22:24:22
187,Physiological scientist,104,Remote / HQ,1,56596,88120,OPEN,2026-08-17 22:24:22
188,Industrial/product designer,237,Remote / HQ,5,62902,118907,OPEN,2026-08-17 22:24:22
189,Chief Operating Officer,149,Remote / HQ,5,69753,126986,OPEN,2026-08-17 22:24:22
190,Public house manager,187,Remote / HQ,1,57814,123031,OPEN,2026-08-17 22:24:22
191,"Producer, radio",424,Remote / HQ,5,51187,117562,OPEN,2026-08-17 22:24:22
192,"Biochemist, clinical",391,Remote / HQ,7,51274,92334,OPEN,2026-08-17 22:24:22
193,Sales promotion account executive,377,Remote / HQ,7,71299,125660,OPEN,2026-08-17 22:24:22
194,Risk manager,225,Remote / HQ,1,52790,113392,OPEN,2026-08-17 22:24:22
195,"Engineer, civil (consulting)",596,Remote / HQ,2,65889,88608,OPEN,2026-08-17 22:24:22
196,"Pharmacist, hospital",55,Remote / HQ,2,59612,86468,OPEN,2026-08-17 22:24:22
197,Corporate investment banker,213,Remote / HQ,4,69437,123558,OPEN,2026-08-17 22:24:22
198,"Engineer, electrical",74,Remote / HQ,2,51513,93757,OPEN,2026-08-17 22:24:22
199,Sub,211,Remote / HQ,6,72444,118294,OPEN,2026-08-17 22:24:22
200,Counsellor,597,Remote / HQ,6,67454,86932,OPEN,2026-08-17 22:24:22
201,"Programmer, multimedia",228,Remote / HQ,6,61231,94026,OPEN,2026-08-17 22:24:22
202,Farm manager,564,Remote / HQ,2,55175,94176,OPEN,2026-08-17 22:24:22
203,Building surveyor,307,Remote / HQ,1,74428,94055,OPEN,2026-08-17 22:24:22
204,Merchant navy officer,434,Remote / HQ,7,57551,113736,OPEN,2026-08-17 22:24:22
205,Building control surveyor,284,Remote / HQ,3,62262,125719,OPEN,2026-08-17 22:24:22
206,Geophysical data processor,165,Remote / HQ,5,59853,125516,OPEN,2026-08-17 22:24:22
207,Occupational psychologist,474,Remote / HQ,7,55763,117077,OPEN,2026-08-17 22:24:22
208,Psychiatrist,601,Remote / HQ,1,60415,90126,OPEN,2026-08-17 22:24:22
209,Travel agency manager,164,Remote / HQ,1,53787,128029,OPEN,2026-08-17 22:24:22
210,Forest/woodland manager,483,Remote / HQ,1,50041,107103,OPEN,2026-08-17 22:24:22
211,Fish farm manager,162,Remote / HQ,2,57249,107298,OPEN,2026-08-17 22:24:22
212,"Surveyor, insurance",445,Remote / HQ,1,52801,115069,OPEN,2026-08-17 22:24:22
213,"Engineer, maintenance (IT)",490,Remote / HQ,6,60369,118454,OPEN,2026-08-17 22:24:22
214,Hotel manager,279,Remote / HQ,5,71569,127646,OPEN,2026-08-17 22:24:22
215,"Horticulturist, commercial",457,Remote / HQ,7,54064,109118,OPEN,2026-08-17 22:24:22
216,Secretary/administrator,169,Remote / HQ,6,50030,110503,OPEN,2026-08-17 22:24:22
217,Communications engineer,50,Remote / HQ,7,52777,117276,OPEN,2026-08-17 22:24:22
218,"Lecturer, higher education",60,Remote / HQ,2,62704,92755,OPEN,2026-08-17 22:24:22
219,Colour technologist,278,Remote / HQ,3,56870,95385,OPEN,2026-08-17 22:24:22
220,Broadcast presenter,560,Remote / HQ,6,62237,111273,OPEN,2026-08-17 22:24:22
221,"Librarian, public",80,Remote / HQ,2,50731,83206,OPEN,2026-08-17 22:24:22
222,Social worker,283,Remote / HQ,1,58327,96024,OPEN,2026-08-17 22:24:22
223,"Teacher, music",437,Remote / HQ,5,60253,115899,OPEN,2026-08-17 22:24:22
224,Set designer,126,Remote / HQ,6,60783,128806,OPEN,2026-08-17 22:24:22
225,Private music teacher,448,Remote / HQ,7,63778,105974,OPEN,2026-08-17 22:24:22
226,Television/film/video producer,190,Remote / HQ,7,69514,99983,OPEN,2026-08-17 22:24:22
227,Local government officer,502,Remote / HQ,1,61680,102018,OPEN,2026-08-17 22:24:22
228,Health and safety inspector,360,Remote / HQ,6,71030,114271,OPEN,2026-08-17 22:24:22
229,Administrator,340,Remote / HQ,6,63243,107223,OPEN,2026-08-17 22:24:22
230,Artist,110,Remote / HQ,5,56508,81161,OPEN,2026-08-17 22:24:22
231,"Research officer, political party",288,Remote / HQ,6,55725,106961,OPEN,2026-08-17 22:24:22
232,Accommodation manager,532,Remote / HQ,6,58062,100003,OPEN,2026-08-17 22:24:22
233,Haematologist,13,Remote / HQ,4,64936,115040,OPEN,2026-08-17 22:24:22
234,Media planner,471,Remote / HQ,1,56062,123755,OPEN,2026-08-17 22:24:22
235,"Investment banker, operational",306,Remote / HQ,4,72854,128122,OPEN,2026-08-17 22:24:22
236,Drilling engineer,447,Remote / HQ,2,61996,110511,OPEN,2026-08-17 22:24:22
237,Musician,412,Remote / HQ,1,71581,98128,OPEN,2026-08-17 22:24:22
238,Technical author,268,Remote / HQ,1,67081,102197,OPEN,2026-08-17 22:24:22
239,"Designer, multimedia",192,Remote / HQ,5,58333,88823,OPEN,2026-08-17 22:24:22
240,Special educational needs teacher,389,Remote / HQ,4,55706,126796,OPEN,2026-08-17 22:24:22
241,Horticultural therapist,87,Remote / HQ,4,68598,122365,OPEN,2026-08-17 22:24:22
242,Magazine features editor,363,Remote / HQ,6,58268,122699,OPEN,2026-08-17 22:24:22
243,"Scientist, water quality",59,Remote / HQ,4,56171,96406,OPEN,2026-08-17 22:24:22
244,"Civil engineer, contracting",403,Remote / HQ,5,73259,96110,OPEN,2026-08-17 22:24:22
245,Museum/gallery curator,390,Remote / HQ,1,62065,122830,OPEN,2026-08-17 22:24:22
246,"Administrator, charities/voluntary organisations",53,Remote / HQ,6,51214,107227,OPEN,2026-08-17 22:24:22
247,Nutritional therapist,470,Remote / HQ,4,62369,115232,OPEN,2026-08-17 22:24:22
248,Health promotion specialist,258,Remote / HQ,2,61519,104491,OPEN,2026-08-17 22:24:22
249,Charity officer,488,Remote / HQ,6,71599,102138,OPEN,2026-08-17 22:24:22
250,"Education officer, environmental",26,Remote / HQ,6,67788,111610,OPEN,2026-08-17 22:24:22
251,Systems analyst,112,Remote / HQ,1,54783,120649,OPEN,2026-08-17 22:24:22
252,Financial planner,307,Remote / HQ,2,53761,96705,OPEN,2026-08-17 22:24:22
253,Animator,117,Remote / HQ,1,65089,120457,OPEN,2026-08-17 22:24:22
254,Hydrogeologist,205,Remote / HQ,2,51184,92210,OPEN,2026-08-17 22:24:22
255,Public relations account executive,410,Remote / HQ,1,57975,100141,OPEN,2026-08-17 22:24:22
256,Metallurgist,90,Remote / HQ,5,53455,125633,OPEN,2026-08-17 22:24:22
257,Archivist,421,Remote / HQ,4,50514,127722,OPEN,2026-08-17 22:24:22
258,Tourist information centre manager,65,Remote / HQ,7,72970,126193,OPEN,2026-08-17 22:24:22
259,Fitness centre manager,109,Remote / HQ,6,52245,95802,OPEN,2026-08-17 22:24:22
260,Clinical embryologist,365,Remote / HQ,5,50231,122166,OPEN,2026-08-17 22:24:22
261,"Education officer, museum",492,Remote / HQ,4,73322,126804,OPEN,2026-08-17 22:24:22
262,"Engineer, technical sales",106,Remote / HQ,1,54708,128910,OPEN,2026-08-17 22:24:22
263,"Engineer, water",186,Remote / HQ,1,70413,81045,OPEN,2026-08-17 22:24:22
264,Museum education officer,574,Remote / HQ,5,50782,117249,OPEN,2026-08-17 22:24:22
265,Fast food restaurant manager,614,Remote / HQ,1,53838,129837,OPEN,2026-08-17 22:24:22
266,"Geologist, wellsite",361,Remote / HQ,1,52765,118233,OPEN,2026-08-17 22:24:22
267,Lawyer,278,Remote / HQ,2,67656,91658,OPEN,2026-08-17 22:24:22
268,"Surveyor, minerals",216,Remote / HQ,7,65503,118129,OPEN,2026-08-17 22:24:22
269,Clinical research associate,380,Remote / HQ,4,61887,85262,OPEN,2026-08-17 22:24:22
270,Teaching laboratory technician,367,Remote / HQ,5,56040,104030,OPEN,2026-08-17 22:24:22
271,"Loss adjuster, chartered",183,Remote / HQ,3,52221,111311,OPEN,2026-08-17 22:24:22
272,Advertising account planner,15,Remote / HQ,2,64230,102822,OPEN,2026-08-17 22:24:22
273,"Conservation officer, nature",94,Remote / HQ,3,55767,114991,OPEN,2026-08-17 22:24:22
274,"Administrator, local government",595,Remote / HQ,1,64754,92011,OPEN,2026-08-17 22:24:22
275,Geoscientist,260,Remote / HQ,6,67186,110311,OPEN,2026-08-17 22:24:22
276,Adult guidance worker,300,Remote / HQ,2,71235,112240,OPEN,2026-08-17 22:24:22
277,Geophysicist/field seismologist,290,Remote / HQ,3,62349,111689,OPEN,2026-08-17 22:24:22
278,Information systems manager,486,Remote / HQ,7,50118,94466,OPEN,2026-08-17 22:24:22
279,Ophthalmologist,41,Remote / HQ,5,57016,95269,OPEN,2026-08-17 22:24:22
280,Radio producer,52,Remote / HQ,4,71334,92890,OPEN,2026-08-17 22:24:22
281,"Administrator, education",172,Remote / HQ,4,63331,103088,OPEN,2026-08-17 22:24:22
282,Intelligence analyst,302,Remote / HQ,6,65477,109298,OPEN,2026-08-17 22:24:22
283,Passenger transport manager,417,Remote / HQ,2,61445,98126,OPEN,2026-08-17 22:24:22
284,Statistician,305,Remote / HQ,5,54068,100499,OPEN,2026-08-17 22:24:22
285,Field trials officer,274,Remote / HQ,7,72417,94320,OPEN,2026-08-17 22:24:22
286,Forensic psychologist,582,Remote / HQ,5,69323,90942,OPEN,2026-08-17 22:24:22
287,Banker,100,Remote / HQ,4,74879,112871,OPEN,2026-08-17 22:24:22
288,Public relations officer,355,Remote / HQ,2,71387,120802,OPEN,2026-08-17 22:24:22
289,Legal secretary,337,Remote / HQ,2,57278,94535,OPEN,2026-08-17 22:24:22
290,Historic buildings inspector/conservation officer,294,Remote / HQ,7,56356,123028,OPEN,2026-08-17 22:24:22
291,Professor Emeritus,501,Remote / HQ,4,56211,108548,OPEN,2026-08-17 22:24:22
292,"Administrator, Civil Service",166,Remote / HQ,3,72969,88384,OPEN,2026-08-17 22:24:22
293,Planning and development surveyor,592,Remote / HQ,3,63923,98299,OPEN,2026-08-17 22:24:22
294,Operational investment banker,206,Remote / HQ,5,61361,80375,OPEN,2026-08-17 22:24:22
295,Mechanical engineer,338,Remote / HQ,4,74206,81958,OPEN,2026-08-17 22:24:22
296,"Designer, graphic",323,Remote / HQ,5,65085,96806,OPEN,2026-08-17 22:24:22
297,"Engineer, drilling",527,Remote / HQ,2,72735,102723,OPEN,2026-08-17 22:24:22
298,Armed forces logistics/support/administrative officer,273,Remote / HQ,5,74616,119875,OPEN,2026-08-17 22:24:22
299,Chartered public finance accountant,177,Remote / HQ,4,51986,86715,OPEN,2026-08-17 22:24:22
300,Product designer,14,Remote / HQ,7,59038,121958,OPEN,2026-08-17 22:24:22
301,"Research officer, trade union",226,Remote / HQ,2,68353,91726,OPEN,2026-08-17 22:24:22
302,Product/process development scientist,513,Remote / HQ,2,70328,86916,OPEN,2026-08-17 22:24:22
303,"Producer, television/film/video",7,Remote / HQ,4,53712,114994,OPEN,2026-08-17 22:24:22
304,Geographical information systems officer,556,Remote / HQ,4,57959,118716,OPEN,2026-08-17 22:24:22
305,Building services engineer,337,Remote / HQ,5,63704,110245,OPEN,2026-08-17 22:24:22
306,Environmental education officer,87,Remote / HQ,3,69980,85785,OPEN,2026-08-17 22:24:22
307,Air broker,188,Remote / HQ,7,52824,85767,OPEN,2026-08-17 22:24:22
308,"Solicitor, Scotland",344,Remote / HQ,4,65018,99503,OPEN,2026-08-17 22:24:22
309,"Scientist, audiological",196,Remote / HQ,1,57411,102530,OPEN,2026-08-17 22:24:22
310,Production engineer,68,Remote / HQ,1,55408,129930,OPEN,2026-08-17 22:24:22
311,Animal technologist,413,Remote / HQ,7,62884,94323,OPEN,2026-08-17 22:24:22
312,"Editor, film/video",417,Remote / HQ,1,60350,89629,OPEN,2026-08-17 22:24:22
313,"Clinical scientist, histocompatibility and immunogenetics",74,Remote / HQ,7,65892,127295,OPEN,2026-08-17 22:24:22
314,Stage manager,175,Remote / HQ,2,57940,87698,OPEN,2026-08-17 22:24:22
315,"Psychotherapist, child",152,Remote / HQ,1,70581,81320,OPEN,2026-08-17 22:24:22
316,Biomedical scientist,409,Remote / HQ,3,51952,101140,OPEN,2026-08-17 22:24:22
317,Chief Marketing Officer,453,Remote / HQ,5,71546,100054,OPEN,2026-08-17 22:24:22
318,"Therapist, speech and language",451,Remote / HQ,3,50745,110983,OPEN,2026-08-17 22:24:22
319,Rural practice surveyor,583,Remote / HQ,6,68397,123886,OPEN,2026-08-17 22:24:22
320,"Therapist, art",477,Remote / HQ,5,58661,126645,OPEN,2026-08-17 22:24:22
321,Barrister,199,Remote / HQ,3,59583,94481,OPEN,2026-08-17 22:24:22
322,Fisheries officer,67,Remote / HQ,5,50475,129041,OPEN,2026-08-17 22:24:22
323,Retail merchandiser,382,Remote / HQ,7,67552,111633,OPEN,2026-08-17 22:24:22
324,"Designer, interior/spatial",568,Remote / HQ,3,54137,83482,OPEN,2026-08-17 22:24:22
325,"Administrator, sports",605,Remote / HQ,2,66478,126922,OPEN,2026-08-17 22:24:22
326,Writer,143,Remote / HQ,3,68129,86899,OPEN,2026-08-17 22:24:22
327,Solicitor,147,Remote / HQ,6,71130,109429,OPEN,2026-08-17 22:24:22
328,Chartered certified accountant,24,Remote / HQ,2,67702,119536,OPEN,2026-08-17 22:24:22
329,TEFL teacher,88,Remote / HQ,7,57537,92471,OPEN,2026-08-17 22:24:22
330,Child psychotherapist,345,Remote / HQ,5,68464,93531,OPEN,2026-08-17 22:24:22
331,Contracting civil engineer,340,Remote / HQ,5,70648,103808,OPEN,2026-08-17 22:24:22
332,Electronics engineer,230,Remote / HQ,3,57928,124242,OPEN,2026-08-17 22:24:22
333,Chartered management accountant,193,Remote / HQ,7,53104,91180,OPEN,2026-08-17 22:24:22
334,"Therapist, drama",515,Remote / HQ,1,72250,113172,OPEN,2026-08-17 22:24:22
335,Early years teacher,286,Remote / HQ,3,53698,102629,OPEN,2026-08-17 22:24:22
336,Contractor,502,Remote / HQ,3,64845,85592,OPEN,2026-08-17 22:24:22
337,Occupational therapist,598,Remote / HQ,4,55907,115543,OPEN,2026-08-17 22:24:22
338,"Accountant, chartered public finance",197,Remote / HQ,4,53150,121626,OPEN,2026-08-17 22:24:22
339,Television floor manager,126,Remote / HQ,2,69410,108781,OPEN,2026-08-17 22:24:22
340,Medical laboratory scientific officer,591,Remote / HQ,2,53592,88817,OPEN,2026-08-17 22:24:22
341,Firefighter,394,Remote / HQ,1,66755,87786,OPEN,2026-08-17 22:24:22
342,Sport and exercise psychologist,181,Remote / HQ,5,67327,101174,OPEN,2026-08-17 22:24:22
343,Audiological scientist,386,Remote / HQ,3,51505,105320,OPEN,2026-08-17 22:24:22
344,Health visitor,320,Remote / HQ,4,54323,107609,OPEN,2026-08-17 22:24:22
345,"Psychologist, occupational",562,Remote / HQ,5,69859,92182,OPEN,2026-08-17 22:24:22
346,"Surveyor, commercial/residential",159,Remote / HQ,5,62682,105038,OPEN,2026-08-17 22:24:22
347,"Sales professional, IT",615,Remote / HQ,4,53033,94753,OPEN,2026-08-17 22:24:22
348,Landscape architect,581,Remote / HQ,5,74794,114308,OPEN,2026-08-17 22:24:22
349,"Lighting technician, broadcasting/film/video",113,Remote / HQ,5,56624,119823,OPEN,2026-08-17 22:24:22
350,Lexicographer,103,Remote / HQ,5,50100,112634,OPEN,2026-08-17 22:24:22
351,Printmaker,331,Remote / HQ,5,73104,80062,OPEN,2026-08-17 22:24:22
352,Sports coach,28,Remote / HQ,3,50414,129602,OPEN,2026-08-17 22:24:22
353,Translator,186,Remote / HQ,2,63833,81188,OPEN,2026-08-17 22:24:22
354,Tax inspector,270,Remote / HQ,6,74827,129971,OPEN,2026-08-17 22:24:22
355,"Engineer, aeronautical",602,Remote / HQ,3,64445,81588,OPEN,2026-08-17 22:24:22
356,Mining engineer,616,Remote / HQ,4,64615,105822,OPEN,2026-08-17 22:24:22
357,Advice worker,94,Remote / HQ,2,59704,85298,OPEN,2026-08-17 22:24:22
358,Database administrator,553,Remote / HQ,4,53172,84759,OPEN,2026-08-17 22:24:22
359,Further education lecturer,57,Remote / HQ,4,64317,114169,OPEN,2026-08-17 22:24:22
360,Community development worker,465,Remote / HQ,5,72432,116392,OPEN,2026-08-17 22:24:22
361,International aid/development worker,525,Remote / HQ,4,52277,85911,OPEN,2026-08-17 22:24:22
362,Software engineer,553,Remote / HQ,3,72009,128833,OPEN,2026-08-17 22:24:22
363,Midwife,139,Remote / HQ,7,60376,96023,OPEN,2026-08-17 22:24:22
364,Television camera operator,554,Remote / HQ,4,63405,95916,OPEN,2026-08-17 22:24:22
365,Pensions consultant,72,Remote / HQ,6,54135,94848,OPEN,2026-08-17 22:24:22
366,Quality manager,322,Remote / HQ,6,65544,103060,OPEN,2026-08-17 22:24:22
367,"Engineer, production",292,Remote / HQ,4,54558,88891,OPEN,2026-08-17 22:24:22
368,"Psychologist, forensic",196,Remote / HQ,7,56829,101238,OPEN,2026-08-17 22:24:22
369,Marketing executive,14,Remote / HQ,1,68040,90499,OPEN,2026-08-17 22:24:22
370,Data scientist,479,Remote / HQ,7,51262,82570,OPEN,2026-08-17 22:24:22
371,Outdoor activities/education manager,209,Remote / HQ,6,61179,98436,OPEN,2026-08-17 22:24:22
372,Comptroller,411,Remote / HQ,4,64864,113613,OPEN,2026-08-17 22:24:22
373,Prison officer,255,Remote / HQ,6,53300,118154,OPEN,2026-08-17 22:24:22
374,IT sales professional,232,Remote / HQ,4,57368,97666,OPEN,2026-08-17 22:24:22
375,"Designer, ceramics/pottery",550,Remote / HQ,2,58587,96187,OPEN,2026-08-17 22:24:22
376,"Secretary, company",59,Remote / HQ,6,66590,119373,OPEN,2026-08-17 22:24:22
377,Government social research officer,457,Remote / HQ,2,74417,114059,OPEN,2026-08-17 22:24:22
378,Volunteer coordinator,464,Remote / HQ,3,70906,121606,OPEN,2026-08-17 22:24:22
379,Furniture conservator/restorer,236,Remote / HQ,4,54744,125305,OPEN,2026-08-17 22:24:22
380,Psychiatric nurse,163,Remote / HQ,6,50454,121061,OPEN,2026-08-17 22:24:22
381,Copy,4,Remote / HQ,3,51297,126824,OPEN,2026-08-17 22:24:22
382,Management consultant,581,Remote / HQ,4,64892,100833,OPEN,2026-08-17 22:24:22
383,Interpreter,588,Remote / HQ,1,53906,99733,OPEN,2026-08-17 22:24:22
384,"Nurse, children's",150,Remote / HQ,1,55782,96077,OPEN,2026-08-17 22:24:22
385,Research scientist (maths),20,Remote / HQ,1,71184,91761,OPEN,2026-08-17 22:24:22
386,Recruitment consultant,77,Remote / HQ,1,71847,117441,OPEN,2026-08-17 22:24:22
387,Diplomatic Services operational officer,42,Remote / HQ,7,70975,115722,OPEN,2026-08-17 22:24:22
388,"Accountant, chartered",516,Remote / HQ,6,56341,120069,OPEN,2026-08-17 22:24:22
389,Illustrator,553,Remote / HQ,6,65492,88369,OPEN,2026-08-17 22:24:22
390,"Civil engineer, consulting",96,Remote / HQ,1,65269,104562,OPEN,2026-08-17 22:24:22
391,Architectural technologist,463,Remote / HQ,1,54631,91097,OPEN,2026-08-17 22:24:22
392,Civil Service administrator,112,Remote / HQ,2,63838,124651,OPEN,2026-08-17 22:24:22
393,"Copywriter, advertising",228,Remote / HQ,4,63131,93370,OPEN,2026-08-17 22:24:22
394,"Designer, blown glass/stained glass",372,Remote / HQ,3,59904,87195,OPEN,2026-08-17 22:24:22
395,Economist,447,Remote / HQ,4,68791,108493,OPEN,2026-08-17 22:24:22
396,Adult nurse,543,Remote / HQ,2,66940,123953,OPEN,2026-08-17 22:24:22
397,"Pharmacist, community",28,Remote / HQ,6,63316,125786,OPEN,2026-08-17 22:24:22
398,"Surveyor, mining",122,Remote / HQ,3,68144,84804,OPEN,2026-08-17 22:24:22
399,Fashion designer,174,Remote / HQ,1,69077,96294,OPEN,2026-08-17 22:24:22
400,"Engineer, manufacturing",193,Remote / HQ,6,64173,87676,OPEN,2026-08-17 22:24:22
401,Chemical engineer,619,Remote / HQ,7,56691,95393,OPEN,2026-08-17 22:24:22
402,Camera operator,482,Remote / HQ,1,68960,106692,OPEN,2026-08-17 22:24:22
403,Proofreader,199,Remote / HQ,4,67940,94028,OPEN,2026-08-17 22:24:22
404,Probation officer,603,Remote / HQ,6,74585,83375,OPEN,2026-08-17 22:24:22
405,Training and development officer,310,Remote / HQ,5,53744,105501,OPEN,2026-08-17 22:24:22
406,Environmental manager,311,Remote / HQ,6,60481,82640,OPEN,2026-08-17 22:24:22
407,Operations geologist,269,Remote / HQ,3,73105,91334,OPEN,2026-08-17 22:24:22
408,Insurance risk surveyor,90,Remote / HQ,3,62864,80025,OPEN,2026-08-17 22:24:22
409,Retail manager,580,Remote / HQ,5,73565,84341,OPEN,2026-08-17 22:24:22
410,Race relations officer,9,Remote / HQ,2,50311,101815,OPEN,2026-08-17 22:24:22
411,"Radiographer, diagnostic",109,Remote / HQ,2,50879,122535,OPEN,2026-08-17 22:24:22
412,Biomedical engineer,143,Remote / HQ,5,69900,118731,OPEN,2026-08-17 22:24:22
413,"Psychologist, counselling",174,Remote / HQ,5,58960,84941,OPEN,2026-08-17 22:24:22
414,Insurance claims handler,82,Remote / HQ,1,63005,81741,OPEN,2026-08-17 22:24:22
415,Systems developer,12,Remote / HQ,4,60700,96904,OPEN,2026-08-17 22:24:22
416,Medical technical officer,421,Remote / HQ,3,60199,112612,OPEN,2026-08-17 22:24:22
417,Amenity horticulturist,601,Remote / HQ,4,73486,117336,OPEN,2026-08-17 22:24:22
418,Chief Financial Officer,76,Remote / HQ,7,52351,121156,OPEN,2026-08-17 22:24:22
419,Surgeon,184,Remote / HQ,1,69305,97110,OPEN,2026-08-17 22:24:22
420,Gaffer,314,Remote / HQ,7,72241,88400,OPEN,2026-08-17 22:24:22
421,Publishing copy,576,Remote / HQ,4,66435,81317,OPEN,2026-08-17 22:24:22
422,Energy engineer,431,Remote / HQ,6,59875,87343,OPEN,2026-08-17 22:24:22
423,Agricultural consultant,476,Remote / HQ,3,54000,83258,OPEN,2026-08-17 22:24:22
424,Careers adviser,361,Remote / HQ,3,67064,123040,OPEN,2026-08-17 22:24:22
425,Clinical psychologist,259,Remote / HQ,6,61719,93420,OPEN,2026-08-17 22:24:22
426,Information officer,124,Remote / HQ,5,53734,121156,OPEN,2026-08-17 22:24:22
427,Oceanographer,536,Remote / HQ,2,58991,107657,OPEN,2026-08-17 22:24:22
428,"Production designer, theatre/television/film",499,Remote / HQ,5,74038,106947,OPEN,2026-08-17 22:24:22
429,"Engineer, chemical",16,Remote / HQ,6,56634,102739,OPEN,2026-08-17 22:24:22
430,"Psychotherapist, dance movement",444,Remote / HQ,3,54461,120959,OPEN,2026-08-17 22:24:22
431,"Lecturer, further education",53,Remote / HQ,7,67049,82172,OPEN,2026-08-17 22:24:22
432,"Surveyor, building control",459,Remote / HQ,5,54988,84637,OPEN,2026-08-17 22:24:22
433,"Engineer, land",513,Remote / HQ,3,72997,101169,OPEN,2026-08-17 22:24:22
434,Television production assistant,82,Remote / HQ,1,71474,99724,OPEN,2026-08-17 22:24:22
435,Sales executive,269,Remote / HQ,5,74588,107279,OPEN,2026-08-17 22:24:22
436,Video editor,77,Remote / HQ,2,72814,116889,OPEN,2026-08-17 22:24:22
437,Insurance underwriter,352,Remote / HQ,6,56094,109377,OPEN,2026-08-17 22:24:22
438,Animal nutritionist,576,Remote / HQ,4,55303,92872,OPEN,2026-08-17 22:24:22
439,"Development worker, international aid",51,Remote / HQ,4,58565,96364,OPEN,2026-08-17 22:24:22
440,IT technical support officer,247,Remote / HQ,2,61745,117616,OPEN,2026-08-17 22:24:22
441,Arboriculturist,604,Remote / HQ,5,71999,90073,OPEN,2026-08-17 22:24:22
442,"Programmer, applications",187,Remote / HQ,2,68337,105208,OPEN,2026-08-17 22:24:22
443,Automotive engineer,82,Remote / HQ,3,66110,106939,OPEN,2026-08-17 22:24:22
444,"Engineer, broadcasting (operations)",303,Remote / HQ,6,71959,117513,OPEN,2026-08-17 22:24:22
445,"Surveyor, building",316,Remote / HQ,7,66147,115717,OPEN,2026-08-17 22:24:22
446,Cytogeneticist,411,Remote / HQ,7,59476,103233,OPEN,2026-08-17 22:24:22
447,Estate manager/land agent,195,Remote / HQ,7,60325,95458,OPEN,2026-08-17 22:24:22
448,Network engineer,593,Remote / HQ,4,62925,98395,OPEN,2026-08-17 22:24:22
449,Equities trader,324,Remote / HQ,2,52219,100579,OPEN,2026-08-17 22:24:22
450,Meteorologist,178,Remote / HQ,6,68542,90959,OPEN,2026-08-17 22:24:22
451,Insurance account manager,596,Remote / HQ,6,66319,111270,OPEN,2026-08-17 22:24:22
452,"Horticulturist, amenity",574,Remote / HQ,7,68278,90418,OPEN,2026-08-17 22:24:22
453,Pharmacologist,310,Remote / HQ,5,63348,112433,OPEN,2026-08-17 22:24:22
454,Minerals surveyor,16,Remote / HQ,1,69574,117574,OPEN,2026-08-17 22:24:22
455,Veterinary surgeon,371,Remote / HQ,4,73743,128091,OPEN,2026-08-17 22:24:22
456,Armed forces training and education officer,345,Remote / HQ,4,64248,85945,OPEN,2026-08-17 22:24:22
457,Futures trader,92,Remote / HQ,6,61109,117986,OPEN,2026-08-17 22:24:22
458,Magazine journalist,394,Remote / HQ,3,52615,84299,OPEN,2026-08-17 22:24:22
459,"Engineer, structural",522,Remote / HQ,3,69466,96862,OPEN,2026-08-17 22:24:22
460,Industrial buyer,66,Remote / HQ,1,72599,88814,OPEN,2026-08-17 22:24:22
461,Environmental consultant,449,Remote / HQ,6,67487,88114,OPEN,2026-08-17 22:24:22
462,Forensic scientist,88,Remote / HQ,6,71639,88767,OPEN,2026-08-17 22:24:22
463,Aeronautical engineer,465,Remote / HQ,1,71529,82196,OPEN,2026-08-17 22:24:22
464,"Restaurant manager, fast food",260,Remote / HQ,4,69952,121155,OPEN,2026-08-17 22:24:22
465,Pathologist,5,Remote / HQ,4,62572,83056,OPEN,2026-08-17 22:24:22
466,"Psychologist, educational",600,Remote / HQ,4,52496,99925,OPEN,2026-08-17 22:24:22
467,Bookseller,103,Remote / HQ,7,50081,114958,OPEN,2026-08-17 22:24:22
468,Careers information officer,370,Remote / HQ,2,55109,129519,OPEN,2026-08-17 22:24:22
469,Location manager,113,Remote / HQ,3,60775,122685,OPEN,2026-08-17 22:24:22
470,Plant breeder/geneticist,579,Remote / HQ,2,68590,86860,OPEN,2026-08-17 22:24:22
471,"Therapist, music",458,Remote / HQ,2,61395,129386,OPEN,2026-08-17 22:24:22
472,Visual merchandiser,499,Remote / HQ,7,50578,112676,OPEN,2026-08-17 22:24:22
473,Museum/gallery conservator,268,Remote / HQ,7,55258,88978,OPEN,2026-08-17 22:24:22
474,Chief Executive Officer,290,Remote / HQ,1,74480,102436,OPEN,2026-08-17 22:24:22
475,Ergonomist,394,Remote / HQ,5,74700,125894,OPEN,2026-08-17 22:24:22
476,"Conservation officer, historic buildings",487,Remote / HQ,2,59428,99645,OPEN,2026-08-17 22:24:22
477,Community pharmacist,526,Remote / HQ,2,70124,89181,OPEN,2026-08-17 22:24:22
478,Energy manager,12,Remote / HQ,3,67982,123754,OPEN,2026-08-17 22:24:22
479,"Conservator, furniture",412,Remote / HQ,2,73281,127648,OPEN,2026-08-17 22:24:22
480,Community education officer,68,Remote / HQ,4,72189,128779,OPEN,2026-08-17 22:24:22
481,Legal executive,179,Remote / HQ,7,65718,127785,OPEN,2026-08-17 22:24:22
482,Research scientist (physical sciences),515,Remote / HQ,5,59865,123642,OPEN,2026-08-17 22:24:22
483,Cabin crew,156,Remote / HQ,6,65666,102724,OPEN,2026-08-17 22:24:22
484,"Nurse, adult",495,Remote / HQ,4,57978,89615,OPEN,2026-08-17 22:24:22
485,Advertising art director,288,Remote / HQ,1,58702,110857,OPEN,2026-08-17 22:24:22
486,Senior tax professional/tax inspector,145,Remote / HQ,1,65218,91039,OPEN,2026-08-17 22:24:22
487,Primary school teacher,208,Remote / HQ,2,64284,103657,OPEN,2026-08-17 22:24:22
488,Mudlogger,330,Remote / HQ,2,64524,112803,OPEN,2026-08-17 22:24:22
489,General practice doctor,475,Remote / HQ,6,59616,127328,OPEN,2026-08-17 22:24:22
490,Research scientist (life sciences),376,Remote / HQ,6,60228,94454,OPEN,2026-08-17 22:24:22
491,Multimedia programmer,579,Remote / HQ,6,50254,92595,OPEN,2026-08-17 22:24:22
492,Medical sales representative,538,Remote / HQ,5,65044,116736,OPEN,2026-08-17 22:24:22
493,"Social research officer, government",468,Remote / HQ,4,64394,80322,OPEN,2026-08-17 22:24:22
494,"Scientist, biomedical",374,Remote / HQ,5,73384,108321,OPEN,2026-08-17 22:24:22
495,"Administrator, arts",180,Remote / HQ,3,62606,117295,OPEN,2026-08-17 22:24:22
496,Maintenance engineer,256,Remote / HQ,5,61691,107545,OPEN,2026-08-17 22:24:22
497,IT consultant,74,Remote / HQ,6,51692,99197,OPEN,2026-08-17 22:24:22
498,Horticultural consultant,232,Remote / HQ,6,54918,121427,OPEN,2026-08-17 22:24:22
499,Hydrographic surveyor,575,Remote / HQ,5,58450,98551,OPEN,2026-08-17 22:24:22
500,Dietitian,265,Remote / HQ,1,59430,115526,OPEN,2026-08-17 22:24:22
501,Call centre manager,71,Remote / HQ,6,59067,103207,OPEN,2026-08-17 22:24:22
502,"Designer, industrial/product",405,Remote / HQ,3,59852,81328,OPEN,2026-08-17 22:24:22
503,"Presenter, broadcasting",597,Remote / HQ,6,69222,106525,OPEN,2026-08-17 22:24:22
504,Ship broker,538,Remote / HQ,4,53277,82472,OPEN,2026-08-17 22:24:22
505,Theatre manager,170,Remote / HQ,7,58306,126547,OPEN,2026-08-17 22:24:22
506,"Psychologist, prison and probation services",282,Remote / HQ,3,54071,110077,OPEN,2026-08-17 22:24:22
507,Actor,330,Remote / HQ,7,57694,98601,OPEN,2026-08-17 22:24:22
508,"Embryologist, clinical",154,Remote / HQ,6,67114,104309,OPEN,2026-08-17 22:24:22
509,"Surveyor, quantity",167,Remote / HQ,3,51169,110958,OPEN,2026-08-17 22:24:22
510,Retail buyer,147,Remote / HQ,4,58486,93009,OPEN,2026-08-17 22:24:22
511,"Investment banker, corporate",617,Remote / HQ,4,50592,94419,OPEN,2026-08-17 22:24:22
512,Claims inspector/assessor,463,Remote / HQ,6,73872,100932,OPEN,2026-08-17 22:24:22
513,"Education officer, community",522,Remote / HQ,5,68181,92928,OPEN,2026-08-17 22:24:22
514,Equality and diversity officer,507,Remote / HQ,6,56089,117895,OPEN,2026-08-17 22:24:22
515,Theme park manager,595,Remote / HQ,3,54954,85190,OPEN,2026-08-17 22:24:22
516,Control and instrumentation engineer,66,Remote / HQ,4,52473,121330,OPEN,2026-08-17 22:24:22
517,Make,547,Remote / HQ,4,61821,97426,OPEN,2026-08-17 22:24:22
518,Toxicologist,42,Remote / HQ,7,68837,108061,OPEN,2026-08-17 22:24:22
519,Production manager,295,Remote / HQ,3,64605,87887,OPEN,2026-08-17 22:24:22
520,Politician's assistant,369,Remote / HQ,5,72025,99268,OPEN,2026-08-17 22:24:22
521,"Engineer, automotive",222,Remote / HQ,1,58595,117729,OPEN,2026-08-17 22:24:22
522,Special effects artist,91,Remote / HQ,6,56952,93534,OPEN,2026-08-17 22:24:22
523,"Doctor, hospital",120,Remote / HQ,3,61951,86613,OPEN,2026-08-17 22:24:22
524,Quarry manager,512,Remote / HQ,3,55052,106095,OPEN,2026-08-17 22:24:22
525,"Designer, exhibition/display",198,Remote / HQ,5,74391,88124,OPEN,2026-08-17 22:24:22
526,Public affairs consultant,193,Remote / HQ,4,54644,95737,OPEN,2026-08-17 22:24:22
527,Hydrologist,573,Remote / HQ,6,61971,102523,OPEN,2026-08-17 22:24:22
528,Medical illustrator,90,Remote / HQ,4,63050,108204,OPEN,2026-08-17 22:24:22
529,Occupational hygienist,568,Remote / HQ,4,51426,111968,OPEN,2026-08-17 22:24:22
530,Advertising account executive,572,Remote / HQ,1,61710,113832,OPEN,2026-08-17 22:24:22
531,Wellsite geologist,372,Remote / HQ,1,61367,122214,OPEN,2026-08-17 22:24:22
532,"Engineer, materials",103,Remote / HQ,3,56485,83303,OPEN,2026-08-17 22:24:22
533,Physiotherapist,97,Remote / HQ,7,53199,98116,OPEN,2026-08-17 22:24:22
534,Arts administrator,177,Remote / HQ,7,51129,80053,OPEN,2026-08-17 22:24:22
535,"Engineer, communications",358,Remote / HQ,5,50214,80472,OPEN,2026-08-17 22:24:22
536,Associate Professor,96,Remote / HQ,5,62037,90613,OPEN,2026-08-17 22:24:22
537,"Journalist, newspaper",283,Remote / HQ,3,52246,109907,OPEN,2026-08-17 22:24:22
538,Herbalist,72,Remote / HQ,2,73983,124725,OPEN,2026-08-17 22:24:22
539,Chiropractor,335,Remote / HQ,1,56118,118677,OPEN,2026-08-17 22:24:22
540,Bonds trader,14,Remote / HQ,3,66312,112314,OPEN,2026-08-17 22:24:22
541,Exercise physiologist,440,Remote / HQ,3,66837,118908,OPEN,2026-08-17 22:24:22
542,Theatre stage manager,35,Remote / HQ,2,62387,88598,OPEN,2026-08-17 22:24:22
543,Facilities manager,121,Remote / HQ,2,72090,121991,OPEN,2026-08-17 22:24:22
544,Social researcher,109,Remote / HQ,1,52767,124513,OPEN,2026-08-17 22:24:22
545,Youth worker,516,Remote / HQ,5,55850,84752,OPEN,2026-08-17 22:24:22
546,Water engineer,34,Remote / HQ,7,56310,103497,OPEN,2026-08-17 22:24:22
547,Ranger/warden,267,Remote / HQ,5,53385,121501,OPEN,2026-08-17 22:24:22
548,"Runner, broadcasting/film/video",367,Remote / HQ,4,57369,103804,OPEN,2026-08-17 22:24:22
549,Nature conservation officer,320,Remote / HQ,3,57817,122023,OPEN,2026-08-17 22:24:22
550,"Teacher, early years/pre",423,Remote / HQ,3,69120,126777,OPEN,2026-08-17 22:24:22
551,Medical secretary,498,Remote / HQ,1,57540,103733,OPEN,2026-08-17 22:24:22
552,Interior and spatial designer,245,Remote / HQ,5,71917,82974,OPEN,2026-08-17 22:24:22
553,Astronomer,514,Remote / HQ,4,69316,97002,OPEN,2026-08-17 22:24:22
554,English as a second language teacher,198,Remote / HQ,1,72541,90758,OPEN,2026-08-17 22:24:22
555,Science writer,611,Remote / HQ,3,52630,103705,OPEN,2026-08-17 22:24:22
556,Analytical chemist,313,Remote / HQ,2,74614,109288,OPEN,2026-08-17 22:24:22
557,Chiropodist,457,Remote / HQ,2,65349,103194,OPEN,2026-08-17 22:24:22
558,Tax adviser,543,Remote / HQ,5,74559,89774,OPEN,2026-08-17 22:24:22
559,Immunologist,492,Remote / HQ,4,58871,95058,OPEN,2026-08-17 22:24:22
560,Medical physicist,528,Remote / HQ,5,73824,113976,OPEN,2026-08-17 22:24:22
561,Ceramics designer,333,Remote / HQ,5,64715,81349,OPEN,2026-08-17 22:24:22
562,"Physicist, medical",27,Remote / HQ,7,51795,90704,OPEN,2026-08-17 22:24:22
563,Higher education careers adviser,306,Remote / HQ,6,60253,124617,OPEN,2026-08-17 22:24:22
564,"Teacher, adult education",113,Remote / HQ,5,53444,84957,OPEN,2026-08-17 22:24:22
565,Leisure centre manager,552,Remote / HQ,7,73531,100737,OPEN,2026-08-17 22:24:22
566,Dancer,147,Remote / HQ,4,57611,90349,OPEN,2026-08-17 22:24:22
567,"Teacher, English as a foreign language",142,Remote / HQ,7,55559,85232,OPEN,2026-08-17 22:24:22
568,Housing manager/officer,155,Remote / HQ,6,63822,101136,OPEN,2026-08-17 22:24:22
569,Market researcher,399,Remote / HQ,5,60629,106072,OPEN,2026-08-17 22:24:22
570,Investment analyst,355,Remote / HQ,7,52424,88806,OPEN,2026-08-17 22:24:22
571,Education administrator,589,Remote / HQ,4,70412,83889,OPEN,2026-08-17 22:24:22
572,Photographer,259,Remote / HQ,6,71144,86734,OPEN,2026-08-17 22:24:22
573,Soil scientist,176,Remote / HQ,2,68574,112577,OPEN,2026-08-17 22:24:22
574,Personal assistant,31,Remote / HQ,7,65418,123014,OPEN,2026-08-17 22:24:22
575,Trading standards officer,5,Remote / HQ,5,60063,89014,OPEN,2026-08-17 22:24:22
576,"Chemist, analytical",232,Remote / HQ,6,63559,96019,OPEN,2026-08-17 22:24:22
577,"Journalist, broadcasting",575,Remote / HQ,4,63024,97190,OPEN,2026-08-17 22:24:22
578,"Programmer, systems",325,Remote / HQ,7,54132,98037,OPEN,2026-08-17 22:24:22
579,"Scientist, physiological",554,Remote / HQ,1,52045,92215,OPEN,2026-08-17 22:24:22
580,Customer service manager,64,Remote / HQ,1,56331,82763,OPEN,2026-08-17 22:24:22
581,"Engineer, petroleum",58,Remote / HQ,4,61358,106257,OPEN,2026-08-17 22:24:22
582,Computer games developer,517,Remote / HQ,6,54007,97868,OPEN,2026-08-17 22:24:22
583,Speech and language therapist,67,Remote / HQ,6,52666,97112,OPEN,2026-08-17 22:24:22
584,Health and safety adviser,33,Remote / HQ,4,71298,93240,OPEN,2026-08-17 22:24:22
585,Graphic designer,251,Remote / HQ,5,59374,126466,OPEN,2026-08-17 22:24:22
586,Manufacturing engineer,574,Remote / HQ,4,64605,110524,OPEN,2026-08-17 22:24:22
587,Operational researcher,428,Remote / HQ,7,63100,100934,OPEN,2026-08-17 22:24:22
588,Music tutor,62,Remote / HQ,5,68378,90269,OPEN,2026-08-17 22:24:22
589,Air traffic controller,520,Remote / HQ,3,68495,120056,OPEN,2026-08-17 22:24:22
590,Warehouse manager,524,Remote / HQ,7,57400,124418,OPEN,2026-08-17 22:24:22
591,"Conservator, museum/gallery",497,Remote / HQ,1,71197,81615,OPEN,2026-08-17 22:24:22
592,Logistics and distribution manager,560,Remote / HQ,7,59281,126483,OPEN,2026-08-17 22:24:22
593,Broadcast journalist,149,Remote / HQ,2,70880,114971,OPEN,2026-08-17 22:24:22
594,Orthoptist,608,Remote / HQ,3,60121,84991,OPEN,2026-08-17 22:24:22
595,Microbiologist,199,Remote / HQ,6,52774,117657,OPEN,2026-08-17 22:24:22
596,Telecommunications researcher,498,Remote / HQ,6,69000,85370,OPEN,2026-08-17 22:24:22
597,Applications developer,360,Remote / HQ,7,50754,82543,OPEN,2026-08-17 22:24:22
598,Dramatherapist,484,Remote / HQ,6,69308,85766,OPEN,2026-08-17 22:24:22
599,Mental health nurse,390,Remote / HQ,5,51079,102991,OPEN,2026-08-17 22:24:22
600,"Exhibitions officer, museum/gallery",399,Remote / HQ,3,55170,110978,OPEN,2026-08-17 22:24:22
601,Music therapist,383,Remote / HQ,1,65084,100366,OPEN,2026-08-17 22:24:22
602,Dealer,483,Remote / HQ,1,73538,86098,OPEN,2026-08-17 22:24:22
603,Chartered loss adjuster,459,Remote / HQ,3,60211,89958,OPEN,2026-08-17 22:24:22
604,Conference centre manager,84,Remote / HQ,1,53016,122619,OPEN,2026-08-17 22:24:22
605,Curator,513,Remote / HQ,4,55822,128131,OPEN,2026-08-17 22:24:22
606,Holiday representative,333,Remote / HQ,6,72403,117713,OPEN,2026-08-17 22:24:22
607,Fine artist,201,Remote / HQ,7,68168,85170,OPEN,2026-08-17 22:24:22
608,Financial trader,319,Remote / HQ,4,52509,120990,OPEN,2026-08-17 22:24:22
609,Company secretary,600,Remote / HQ,7,59622,114599,OPEN,2026-08-17 22:24:22
610,Health physicist,532,Remote / HQ,7,56613,106303,OPEN,2026-08-17 22:24:22
611,"Librarian, academic",517,Remote / HQ,7,54445,87161,OPEN,2026-08-17 22:24:22
612,Immigration officer,287,Remote / HQ,4,71161,129833,OPEN,2026-08-17 22:24:22
613,Hospital doctor,487,Remote / HQ,3,65442,102130,OPEN,2026-08-17 22:24:22
614,Field seismologist,239,Remote / HQ,7,54487,82208,OPEN,2026-08-17 22:24:22
615,Technical brewer,426,Remote / HQ,2,66267,90498,OPEN,2026-08-17 22:24:22
616,"Editor, magazine features",397,Remote / HQ,3,60339,100063,OPEN,2026-08-17 22:24:22
617,Financial manager,155,Remote / HQ,1,51536,83116,OPEN,2026-08-17 22:24:22
618,Office manager,166,Remote / HQ,6,61246,96196,OPEN,2026-08-17 22:24:22
619,"Therapist, sports",38,Remote / HQ,5,54630,103420,OPEN,2026-08-17 22:24:22
620,Materials engineer,87,Remote / HQ,1,56131,127432,OPEN,2026-08-17 22:24:22
621,Homeopath,269,Remote / HQ,2,71974,84318,OPEN,2026-08-17 22:24:22
622,"Therapist, horticultural",297,Remote / HQ,4,67756,108843,OPEN,2026-08-17 22:24:22
623,Estate agent,103,Remote / HQ,4,53352,125788,OPEN,2026-08-17 22:24:22
624,Consulting civil engineer,259,Remote / HQ,6,71283,120309,OPEN,2026-08-17 22:24:22
625,Advertising copywriter,375,Remote / HQ,2,64357,126247,OPEN,2026-08-17 22:24:22
626,Acupuncturist,145,Remote / HQ,7,71864,88517,OPEN,2026-08-17 22:24:22
627,"Engineer, mining",210,Remote / HQ,4,68676,120067,OPEN,2026-08-17 22:24:22
628,Environmental health practitioner,228,Remote / HQ,6,58483,128931,OPEN,2026-08-17 22:24:22
629,Ecologist,314,Remote / HQ,2,63371,96301,OPEN,2026-08-17 22:24:22
630,"Engineer, biomedical",228,Remote / HQ,1,63271,104931,OPEN,2026-08-17 22:24:22
631,Jewellery designer,457,Remote / HQ,1,67998,106542,OPEN,2026-08-17 22:24:22
632,Newspaper journalist,204,Remote / HQ,3,56210,104683,OPEN,2026-08-17 22:24:22
633,"Radiographer, therapeutic",270,Remote / HQ,7,58327,94489,OPEN,2026-08-17 22:24:22
634,Financial risk analyst,236,Remote / HQ,1,56119,128544,OPEN,2026-08-17 22:24:22
635,Community arts worker,114,Remote / HQ,3,57403,127824,OPEN,2026-08-17 22:24:22
636,"Editor, commissioning",426,Remote / HQ,1,54031,99036,OPEN,2026-08-17 22:24:22
